FIPS,2020-02-15,2020-02-16,2020-02-17,2020-02-18,2020-02-19,2020-02-20,2020-02-21,2020-02-22,2020-02-23,2020-02-24,2020-02-25,2020-02-26,2020-02-27,2020-02-28,2020-02-29,2020-03-01,2020-03-02,2020-03-03,2020-03-04,2020-03-05,2020-03-06,2020-03-07,2020-03-08,2020-03-09,2020-03-10,2020-03-11,2020-03-12,2020-03-13,2020-03-14,2020-03-15,2020-03-16,2020-03-17,2020-03-18,2020-03-19,2020-03-20,2020-03-21,2020-03-22,2020-03-23,2020-03-24,2020-03-25,2020-03-26,2020-03-27,2020-03-28,2020-03-29,2020-03-30,2020-03-31,2020-04-01,2020-04-02,2020-04-03,2020-04-04,2020-04-05,2020-04-06,2020-04-07,2020-04-08,2020-04-09,2020-04-10,2020-04-11
17031,2.0,1.0,-24.0,1.0,1.0,2.0,3.0,6.0,3.0,2.0,1.0,-2.0,2.0,1.0,5.0,3.0,-2.0,1.0,1.0,2.0,2.0,6.0,2.0,-1.0,0.0,-1.0,-2.0,-5.0,-1.0,-8.0,-23.0,-36.0,-40.0,-42.0,-43.0,-30.0,-43.0,-55.0,-55.0,-55.0,-56.0,-55.0,-40.0,-45.0,-56.0,-57.0,-57.0,-57.0,-56.0,-41.0,-45.0,-57.0,-58.0,-58.0,-59.0,-62.0,-43.0
17115,-1.0,0.0,-18.0,1.0,1.0,2.0,3.0,3.0,4.0,3.0,1.0,-2.0,3.0,2.0,4.0,4.0,3.0,0.0,3.0,3.0,0.0,0.0,0.0,-5.0,-6.0,-6.0,-5.0,-5.0,-5.0,-7.0,-12.0,-22.0,-25.0,-27.0,-28.0,-20.0,-33.0,-35.0,-39.0,-38.0,-38.0,-39.0,-28.0,-30.0,-37.0,-40.0,-39.0,-38.0,-39.0,-27.0,-31.0,-39.0,-40.0,-40.0,-41.0,-48.0,-29.0
17197,1.0,2.0,-24.0,0.0,1.0,2.0,3.0,5.0,5.0,4.0,1.0,-1.0,1.0,-1.0,5.0,6.0,-5.0,1.0,2.0,2.0,2.0,6.0,4.0,1.0,0.0,0.0,0.0,-2.0,1.0,-4.0,-13.0,-31.0,-34.0,-36.0,-37.0,-22.0,-34.0,-49.0,-50.0,-49.0,-50.0,-49.0,-34.0,-36.0,-50.0,-52.0,-52.0,-52.0,-51.0,-35.0,-38.0,-51.0,-53.0,-53.0,-53.0,-57.0,-37.0
17143,5.0,3.0,-15.0,1.0,2.0,3.0,2.0,9.0,5.0,2.0,0.0,-2.0,2.0,1.0,7.0,7.0,2.0,2.0,2.0,2.0,1.0,9.0,6.0,1.0,0.0,2.0,1.0,-1.0,2.0,-4.0,-14.0,-27.0,-30.0,-32.0,-35.0,-20.0,-36.0,-45.0,-46.0,-46.0,-46.0,-46.0,-30.0,-35.0,-45.0,-46.0,-46.0,-46.0,-46.0,-29.0,-35.0,-46.0,-47.0,-48.0,-48.0,-54.0,-32.0
17089,3.0,3.0,-21.0,1.0,1.0,2.0,3.0,6.0,4.0,3.0,0.0,0.0,2.0,-9.0,4.0,4.0,2.0,2.0,1.0,2.0,3.0,8.0,3.0,1.0,1.0,0.0,0.0,-1.0,2.0,-5.0,-20.0,-29.0,-33.0,-35.0,-35.0,-22.0,-38.0,-48.0,-49.0,-49.0,-49.0,-48.0,-33.0,-39.0,-49.0,-50.0,-51.0,-50.0,-50.0,-35.0,-39.0,-50.0,-51.0,-51.0,-52.0,-60.0,-40.0
17043,4.0,2.0,-22.0,1.0,1.0,2.0,2.0,8.0,4.0,3.0,1.0,-1.0,1.0,-8.0,6.0,4.0,1.0,2.0,1.0,1.0,1.0,7.0,1.0,1.0,0.0,-1.0,-2.0,-4.0,0.0,-10.0,-25.0,-36.0,-40.0,-43.0,-43.0,-28.0,-43.0,-56.0,-57.0,-57.0,-57.0,-56.0,-40.0,-45.0,-58.0,-59.0,-59.0,-59.0,-58.0,-42.0,-44.0,-58.0,-59.0,-59.0,-59.0,-64.0,-43.0
17201,1.0,-2.0,-17.0,1.0,0.0,0.0,0.0,5.0,1.0,5.0,4.0,3.0,3.0,4.0,5.0,3.0,2.0,4.0,4.0,3.0,3.0,8.0,1.0,2.0,2.0,2.0,1.0,2.0,1.0,-4.0,-16.0,-22.0,-26.0,-29.0,-29.0,-22.0,-33.0,-41.0,-41.0,-42.0,-42.0,-43.0,-30.0,-36.0,-41.0,-42.0,-42.0,-43.0,-43.0,-30.0,-33.0,-42.0,-43.0,-43.0,-45.0,-54.0,-36.0
17093,2.0,3.0,-24.0,1.0,3.0,2.0,2.0,6.0,3.0,5.0,-1.0,0.0,1.0,-3.0,7.0,5.0,4.0,0.0,2.0,1.0,1.0,6.0,1.0,2.0,0.0,0.0,0.0,-2.0,1.0,-4.0,-20.0,-33.0,-37.0,-39.0,-41.0,-24.0,-37.0,-52.0,-54.0,-54.0,-54.0,-53.0,-35.0,-38.0,-52.0,-54.0,-54.0,-54.0,-54.0,-34.0,-39.0,-53.0,-55.0,-55.0,-55.0,-59.0,-39.0
01073,2.0,-1.0,-14.0,-1.0,1.0,-1.0,1.0,6.0,-1.0,-1.0,3.0,1.0,2.0,1.0,7.0,2.0,0.0,2.0,0.0,1.0,2.0,6.0,1.0,1.0,0.0,0.0,1.0,-2.0,3.0,-7.0,-16.0,-25.0,-31.0,-33.0,-36.0,-23.0,-34.0,-42.0,-43.0,-44.0,-44.0,-45.0,-29.0,-36.0,-44.0,-46.0,-46.0,-45.0,-45.0,-31.0,-42.0,-46.0,-48.0,-48.0,-48.0,-52.0,-32.0
26161,3.0,3.0,-13.0,-1.0,1.0,1.0,2.0,7.0,5.0,-1.0,-2.0,-21.0,-15.0,-1.0,-1.0,-3.0,-5.0,-5.0,-5.0,-4.0,-4.0,3.0,2.0,0.0,-5.0,-2.0,-8.0,-12.0,-5.0,-13.0,-37.0,-45.0,-49.0,-51.0,-53.0,-36.0,-42.0,-59.0,-70.0,-70.0,-70.0,-70.0,-53.0,-53.0,-72.0,-73.0,-73.0,-73.0,-72.0,-53.0,-54.0,-73.0,-74.0,-74.0,-74.0,-74.0,-53.0
26163,5.0,3.0,-15.0,-6.0,-3.0,-3.0,-2.0,8.0,5.0,3.0,2.0,-18.0,-13.0,1.0,7.0,4.0,2.0,2.0,2.0,2.0,2.0,8.0,4.0,2.0,-4.0,0.0,-1.0,-11.0,1.0,-5.0,-23.0,-30.0,-34.0,-37.0,-41.0,-28.0,-33.0,-48.0,-60.0,-60.0,-61.0,-60.0,-47.0,-45.0,-63.0,-64.0,-64.0,-64.0,-63.0,-48.0,-47.0,-64.0,-66.0,-65.0,-65.0,-67.0,-48.0
36029,0.0,2.0,-27.0,-11.0,-10.0,-10.0,-11.0,1.0,6.0,4.0,4.0,4.0,-23.0,1.0,4.0,6.0,4.0,5.0,5.0,5.0,4.0,4.0,6.0,3.0,3.0,4.0,3.0,0.0,-1.0,-3.0,-17.0,-26.0,-33.0,-37.0,-41.0,-30.0,-31.0,-52.0,-53.0,-53.0,-54.0,-53.0,-39.0,-37.0,-56.0,-56.0,-56.0,-56.0,-56.0,-41.0,-38.0,-56.0,-57.0,-57.0,-58.0,-63.0,-44.0
01117,3.0,0.0,-20.0,-1.0,1.0,0.0,2.0,6.0,2.0,0.0,3.0,3.0,3.0,1.0,7.0,4.0,1.0,2.0,0.0,2.0,0.0,8.0,8.0,1.0,-1.0,1.0,1.0,-5.0,6.0,-7.0,-19.0,-28.0,-35.0,-37.0,-39.0,-23.0,-34.0,-47.0,-47.0,-47.0,-48.0,-48.0,-25.0,-36.0,-47.0,-49.0,-48.0,-49.0,-48.0,-30.0,-41.0,-50.0,-52.0,-52.0,-51.0,-56.0,-32.0
25027,-2.0,0.0,-39.0,-11.0,-11.0,-10.0,-11.0,0.0,1.0,4.0,3.0,2.0,2.0,3.0,2.0,4.0,3.0,2.0,2.0,3.0,3.0,1.0,1.0,0.0,1.0,-1.0,-2.0,-12.0,-3.0,-7.0,-25.0,-32.0,-35.0,-38.0,-38.0,-25.0,-28.0,-44.0,-49.0,-52.0,-51.0,-50.0,-36.0,-38.0,-52.0,-52.0,-53.0,-53.0,-54.0,-38.0,-38.0,-53.0,-54.0,-55.0,-56.0,-56.0,-39.0
01089,3.0,1.0,-30.0,2.0,3.0,0.0,1.0,7.0,3.0,0.0,4.0,2.0,2.0,2.0,8.0,4.0,2.0,3.0,4.0,2.0,1.0,6.0,3.0,2.0,1.0,3.0,2.0,0.0,5.0,-10.0,-17.0,-26.0,-30.0,-34.0,-37.0,-20.0,-33.0,-44.0,-46.0,-45.0,-45.0,-45.0,-27.0,-38.0,-50.0,-52.0,-51.0,-52.0,-51.0,-33.0,-43.0,-54.0,-54.0,-54.0,-55.0,-56.0,-36.0
01097,2.0,-4.0,-2.0,2.0,2.0,-2.0,0.0,4.0,2.0,-23.0,-37.0,-12.0,-8.0,-7.0,0.0,3.0,3.0,3.0,0.0,1.0,2.0,5.0,2.0,1.0,1.0,1.0,0.0,-6.0,1.0,0.0,-4.0,-10.0,-17.0,-24.0,-26.0,-14.0,-23.0,-28.0,-29.0,-31.0,-32.0,-32.0,-21.0,-29.0,-34.0,-36.0,-36.0,-37.0,-37.0,-24.0,-33.0,-37.0,-38.0,-39.0,-40.0,-45.0,-28.0
25013,-3.0,-2.0,-34.0,-13.0,-12.0,-10.0,-11.0,1.0,1.0,4.0,2.0,2.0,3.0,3.0,1.0,1.0,3.0,2.0,2.0,4.0,3.0,2.0,1.0,2.0,1.0,1.0,1.0,-8.0,-5.0,-8.0,-21.0,-30.0,-31.0,-33.0,-35.0,-25.0,-28.0,-40.0,-45.0,-47.0,-45.0,-45.0,-34.0,-37.0,-46.0,-48.0,-48.0,-49.0,-49.0,-36.0,-37.0,-49.0,-51.0,-51.0,-52.0,-55.0,-39.0
25009,-3.0,0.0,-40.0,-10.0,-10.0,-10.0,-11.0,1.0,1.0,3.0,3.0,2.0,1.0,2.0,1.0,2.0,3.0,1.0,2.0,3.0,2.0,2.0,1.0,1.0,1.0,-1.0,-2.0,-13.0,-4.0,-8.0,-24.0,-34.0,-37.0,-40.0,-40.0,-29.0,-34.0,-46.0,-52.0,-54.0,-54.0,-53.0,-41.0,-44.0,-55.0,-56.0,-57.0,-57.0,-58.0,-43.0,-43.0,-57.0,-58.0,-59.0,-59.0,-60.0,-46.0
36119,0.0,-3.0,-46.0,-14.0,-12.0,-11.0,-13.0,2.0,0.0,3.0,3.0,3.0,3.0,3.0,3.0,0.0,3.0,3.0,2.0,2.0,0.0,4.0,-2.0,-2.0,-3.0,-6.0,-10.0,-16.0,-3.0,-13.0,-32.0,-38.0,-40.0,-44.0,-45.0,-29.0,-36.0,-60.0,-59.0,-60.0,-60.0,-59.0,-45.0,-47.0,-63.0,-63.0,-63.0,-64.0,-64.0,-48.0,-48.0,-65.0,-66.0,-66.0,-67.0,-68.0,-48.0
01125,0.0,-1.0,-13.0,0.0,1.0,-1.0,1.0,2.0,3.0,3.0,4.0,1.0,3.0,2.0,2.0,2.0,3.0,3.0,0.0,1.0,2.0,6.0,5.0,4.0,3.0,1.0,1.0,-1.0,0.0,-9.0,-21.0,-24.0,-29.0,-30.0,-33.0,-23.0,-32.0,-37.0,-38.0,-40.0,-41.0,-41.0,-29.0,-40.0,-43.0,-45.0,-45.0,-44.0,-44.0,-35.0,-42.0,-44.0,-46.0,-47.0,-46.0,-49.0,-35.0
25005,-2.0,0.0,-39.0,-10.0,-10.0,-10.0,-10.0,2.0,4.0,5.0,4.0,3.0,2.0,4.0,1.0,4.0,4.0,1.0,3.0,3.0,4.0,1.0,2.0,2.0,2.0,1.0,0.0,-3.0,-1.0,-3.0,-19.0,-28.0,-30.0,-34.0,-33.0,-23.0,-26.0,-39.0,-45.0,-48.0,-48.0,-47.0,-36.0,-35.0,-49.0,-49.0,-50.0,-50.0,-51.0,-39.0,-35.0,-50.0,-51.0,-52.0,-53.0,-53.0,-38.0
25021,0.0,0.0,-49.0,-11.0,-11.0,-10.0,-11.0,2.0,4.0,4.0,3.0,2.0,2.0,3.0,3.0,4.0,4.0,1.0,2.0,3.0,3.0,2.0,1.0,1.0,-1.0,-4.0,-8.0,-17.0,-5.0,-8.0,-36.0,-45.0,-49.0,-51.0,-50.0,-32.0,-35.0,-56.0,-61.0,-63.0,-63.0,-61.0,-43.0,-44.0,-64.0,-65.0,-65.0,-65.0,-65.0,-45.0,-43.0,-65.0,-66.0,-67.0,-67.0,-66.0,-45.0
02020,0.0,3.0,-36.0,1.0,1.0,3.0,4.0,3.0,4.0,4.0,4.0,4.0,3.0,5.0,3.0,6.0,0.0,3.0,3.0,3.0,-5.0,1.0,2.0,-12.0,-9.0,-9.0,-9.0,-10.0,-2.0,-3.0,-13.0,-17.0,-23.0,-27.0,-29.0,-26.0,-26.0,-41.0,-45.0,-47.0,-48.0,-48.0,-38.0,-39.0,-52.0,-50.0,-50.0,-51.0,-50.0,-42.0,-40.0,-50.0,-50.0,-50.0,-50.0,-51.0,-40.0
04013,-1.0,0.0,-28.0,1.0,1.0,2.0,2.0,-4.0,2.0,3.0,2.0,2.0,2.0,3.0,3.0,3.0,3.0,3.0,3.0,2.0,1.0,1.0,2.0,-9.0,-10.0,-12.0,-14.0,-14.0,-2.0,-4.0,-20.0,-26.0,-32.0,-34.0,-35.0,-23.0,-29.0,-39.0,-42.0,-43.0,-44.0,-43.0,-29.0,-33.0,-45.0,-47.0,-49.0,-49.0,-48.0,-35.0,-38.0,-49.0,-50.0,-51.0,-51.0,-52.0,-37.0
35001,0.0,2.0,-24.0,3.0,1.0,1.0,4.0,0.0,0.0,3.0,3.0,2.0,1.0,5.0,4.0,5.0,4.0,3.0,2.0,2.0,5.0,4.0,2.0,3.0,2.0,0.0,-8.0,-10.0,-2.0,-5.0,-20.0,-27.0,-32.0,-36.0,-35.0,-25.0,-28.0,-40.0,-46.0,-49.0,-50.0,-48.0,-38.0,-37.0,-49.0,-50.0,-51.0,-52.0,-49.0,-39.0,-38.0,-50.0,-51.0,-53.0,-53.0,-54.0,-40.0
18097,1.0,0.0,-15.0,3.0,2.0,1.0,2.0,5.0,2.0,1.0,2.0,0.0,1.0,1.0,5.0,3.0,1.0,2.0,1.0,2.0,1.0,5.0,2.0,0.0,0.0,-1.0,-2.0,-12.0,-3.0,-8.0,-18.0,-25.0,-29.0,-32.0,-34.0,-23.0,-31.0,-38.0,-41.0,-47.0,-48.0,-48.0,-36.0,-38.0,-48.0,-49.0,-50.0,-51.0,-50.0,-36.0,-40.0,-50.0,-50.0,-51.0,-52.0,-54.0,-38.0
18003,0.0,1.0,-6.0,1.0,2.0,2.0,1.0,1.0,3.0,2.0,2.0,-3.0,-4.0,1.0,-1.0,4.0,2.0,2.0,2.0,3.0,2.0,4.0,3.0,2.0,0.0,0.0,0.0,-2.0,-1.0,-4.0,-11.0,-17.0,-21.0,-24.0,-28.0,-26.0,-31.0,-32.0,-37.0,-46.0,-46.0,-47.0,-38.0,-39.0,-48.0,-49.0,-49.0,-49.0,-49.0,-39.0,-40.0,-47.0,-48.0,-48.0,-49.0,-56.0,-39.0
18057,1.0,2.0,-23.0,1.0,2.0,0.0,1.0,3.0,2.0,1.0,1.0,0.0,0.0,1.0,4.0,6.0,1.0,0.0,2.0,0.0,1.0,4.0,-1.0,-1.0,-3.0,-4.0,-5.0,-10.0,-6.0,-14.0,-29.0,-40.0,-44.0,-47.0,-48.0,-31.0,-38.0,-53.0,-57.0,-61.0,-61.0,-61.0,-42.0,-47.0,-63.0,-63.0,-63.0,-64.0,-63.0,-44.0,-48.0,-64.0,-64.0,-65.0,-65.0,-66.0,-42.0
18163,1.0,1.0,-15.0,2.0,2.0,2.0,1.0,3.0,4.0,1.0,2.0,2.0,2.0,2.0,3.0,6.0,3.0,4.0,3.0,1.0,1.0,5.0,4.0,1.0,-1.0,1.0,-2.0,-2.0,-2.0,-3.0,-13.0,-19.0,-23.0,-26.0,-27.0,-22.0,-24.0,-33.0,-37.0,-42.0,-42.0,-44.0,-31.0,-29.0,-41.0,-43.0,-42.0,-44.0,-44.0,-31.0,-31.0,-43.0,-45.0,-44.0,-46.0,-52.0,-34.0
18089,1.0,1.0,-20.0,1.0,2.0,2.0,2.0,5.0,3.0,2.0,-1.0,-3.0,2.0,1.0,4.0,4.0,2.0,2.0,2.0,2.0,2.0,5.0,3.0,0.0,0.0,0.0,1.0,0.0,2.0,-3.0,-14.0,-24.0,-28.0,-30.0,-32.0,-24.0,-33.0,-38.0,-41.0,-43.0,-44.0,-44.0,-33.0,-38.0,-42.0,-45.0,-45.0,-44.0,-44.0,-35.0,-38.0,-43.0,-45.0,-45.0,-45.0,-53.0,-35.0
17167,-1.0,2.0,-34.0,2.0,3.0,2.0,3.0,3.0,5.0,1.0,1.0,-13.0,3.0,2.0,4.0,7.0,-3.0,3.0,2.0,3.0,1.0,3.0,2.0,-1.0,-1.0,0.0,0.0,-2.0,-4.0,-4.0,-16.0,-30.0,-36.0,-40.0,-40.0,-28.0,-40.0,-52.0,-53.0,-53.0,-52.0,-52.0,-35.0,-36.0,-51.0,-52.0,-52.0,-52.0,-52.0,-36.0,-36.0,-52.0,-54.0,-54.0,-53.0,-54.0,-35.0
17097,2.0,2.0,-21.0,1.0,1.0,2.0,3.0,6.0,4.0,4.0,0.0,-1.0,3.0,0.0,6.0,3.0,-4.0,2.0,1.0,3.0,2.0,7.0,1.0,2.0,0.0,0.0,0.0,-5.0,0.0,-8.0,-25.0,-35.0,-39.0,-41.0,-42.0,-27.0,-40.0,-54.0,-55.0,-56.0,-55.0,-55.0,-39.0,-41.0,-55.0,-56.0,-57.0,-56.0,-56.0,-39.0,-41.0,-56.0,-58.0,-58.0,-58.0,-63.0,-39.0
18105,3.0,1.0,-13.0,2.0,1.0,2.0,2.0,5.0,5.0,2.0,2.0,1.0,1.0,1.0,9.0,6.0,3.0,2.0,2.0,2.0,2.0,8.0,4.0,1.0,0.0,0.0,-4.0,-16.0,-9.0,-14.0,-35.0,-38.0,-43.0,-45.0,-45.0,-26.0,-32.0,-46.0,-49.0,-55.0,-56.0,-56.0,-41.0,-42.0,-57.0,-58.0,-59.0,-59.0,-59.0,-43.0,-44.0,-60.0,-60.0,-61.0,-61.0,-61.0,-40.0
33011,-1.0,3.0,-25.0,0.0,1.0,3.0,1.0,1.0,2.0,-10.0,-10.0,-10.0,-11.0,-11.0,-1.0,3.0,3.0,3.0,2.0,4.0,2.0,3.0,3.0,2.0,-2.0,0.0,1.0,-3.0,-1.0,-3.0,-19.0,-28.0,-32.0,-35.0,-36.0,-25.0,-28.0,-41.0,-47.0,-45.0,-45.0,-44.0,-35.0,-38.0,-48.0,-49.0,-50.0,-50.0,-51.0,-39.0,-38.0,-50.0,-52.0,-52.0,-52.0,-53.0,-38.0
34017,0.0,0.0,-44.0,-1.0,-1.0,-1.0,0.0,5.0,2.0,3.0,2.0,2.0,1.0,2.0,3.0,3.0,3.0,2.0,1.0,0.0,0.0,5.0,1.0,-1.0,-5.0,-9.0,-12.0,-17.0,-3.0,-11.0,-36.0,-44.0,-48.0,-52.0,-51.0,-36.0,-43.0,-62.0,-63.0,-64.0,-65.0,-64.0,-51.0,-51.0,-67.0,-68.0,-69.0,-69.0,-69.0,-55.0,-54.0,-70.0,-71.0,-72.0,-73.0,-76.0,-58.0
32031,-2.0,-1.0,-32.0,0.0,1.0,1.0,3.0,0.0,-1.0,3.0,-1.0,2.0,1.0,3.0,0.0,-4.0,3.0,2.0,2.0,2.0,3.0,1.0,1.0,3.0,1.0,1.0,0.0,-1.0,-7.0,-10.0,-21.0,-27.0,-30.0,-36.0,-37.0,-35.0,-37.0,-39.0,-42.0,-43.0,-43.0,-43.0,-40.0,-42.0,-43.0,-45.0,-46.0,-47.0,-47.0,-46.0,-48.0,-48.0,-49.0,-48.0,-50.0,-51.0,-45.0
36001,0.0,2.0,-41.0,-9.0,-8.0,-8.0,-9.0,4.0,4.0,3.0,4.0,3.0,3.0,2.0,4.0,7.0,3.0,3.0,3.0,3.0,3.0,6.0,2.0,2.0,2.0,0.0,-1.0,-7.0,-4.0,-7.0,-20.0,-35.0,-40.0,-43.0,-46.0,-27.0,-29.0,-56.0,-56.0,-56.0,-55.0,-55.0,-37.0,-36.0,-56.0,-58.0,-57.0,-58.0,-58.0,-37.0,-37.0,-58.0,-58.0,-59.0,-59.0,-60.0,-37.0
32003,-2.0,0.0,-27.0,1.0,1.0,1.0,1.0,-3.0,-1.0,2.0,-3.0,2.0,1.0,1.0,-1.0,-1.0,2.0,2.0,1.0,1.0,2.0,-1.0,0.0,-10.0,-1.0,-1.0,-2.0,-4.0,-6.0,-8.0,-21.0,-27.0,-38.0,-46.0,-48.0,-50.0,-53.0,-51.0,-53.0,-54.0,-55.0,-55.0,-54.0,-56.0,-54.0,-55.0,-55.0,-57.0,-56.0,-56.0,-58.0,-56.0,-58.0,-58.0,-59.0,-59.0,-56.0
34031,-2.0,-1.0,-31.0,-4.0,1.0,0.0,2.0,4.0,1.0,3.0,2.0,2.0,1.0,3.0,4.0,4.0,2.0,3.0,2.0,2.0,2.0,6.0,2.0,1.0,0.0,0.0,-2.0,-5.0,-2.0,-6.0,-18.0,-29.0,-34.0,-37.0,-38.0,-31.0,-38.0,-51.0,-51.0,-53.0,-54.0,-53.0,-45.0,-46.0,-56.0,-58.0,-58.0,-60.0,-60.0,-49.0,-48.0,-60.0,-61.0,-63.0,-65.0,-71.0,-54.0
34039,-1.0,-1.0,-38.0,1.0,1.0,1.0,3.0,4.0,4.0,4.0,3.0,2.0,1.0,3.0,3.0,3.0,3.0,4.0,2.0,2.0,3.0,4.0,3.0,1.0,-1.0,-2.0,-4.0,-7.0,-1.0,-6.0,-21.0,-31.0,-36.0,-39.0,-40.0,-28.0,-35.0,-52.0,-52.0,-53.0,-54.0,-53.0,-44.0,-44.0,-56.0,-58.0,-58.0,-59.0,-58.0,-46.0,-47.0,-60.0,-61.0,-62.0,-64.0,-69.0,-52.0
34013,-1.0,0.0,-36.0,-1.0,-1.0,-1.0,1.0,4.0,2.0,4.0,3.0,1.0,2.0,3.0,3.0,2.0,4.0,3.0,3.0,2.0,3.0,5.0,2.0,2.0,0.0,-4.0,-4.0,-8.0,-3.0,-7.0,-24.0,-33.0,-37.0,-41.0,-41.0,-28.0,-35.0,-53.0,-52.0,-54.0,-54.0,-53.0,-41.0,-43.0,-56.0,-58.0,-59.0,-60.0,-59.0,-46.0,-45.0,-59.0,-61.0,-62.0,-63.0,-67.0,-48.0
35013,0.0,1.0,-26.0,4.0,6.0,2.0,0.0,0.0,1.0,6.0,5.0,6.0,-1.0,-6.0,0.0,3.0,6.0,4.0,6.0,3.0,5.0,4.0,0.0,5.0,4.0,5.0,1.0,0.0,0.0,-3.0,-20.0,-23.0,-26.0,-31.0,-29.0,-18.0,-24.0,-35.0,-40.0,-43.0,-45.0,-44.0,-31.0,-33.0,-42.0,-44.0,-43.0,-45.0,-44.0,-33.0,-33.0,-44.0,-45.0,-45.0,-47.0,-53.0,-36.0
20177,2.0,3.0,-3.0,2.0,3.0,-6.0,-4.0,2.0,5.0,9.0,1.0,3.0,1.0,5.0,4.0,4.0,10.0,2.0,4.0,2.0,1.0,6.0,5.0,-8.0,-16.0,-13.0,-16.0,-14.0,-3.0,-3.0,-10.0,-21.0,-22.0,-26.0,-26.0,-13.0,-20.0,-29.0,-37.0,-36.0,-44.0,-42.0,-27.0,-30.0,-39.0,-46.0,-45.0,-46.0,-46.0,-29.0,-30.0,-42.0,-48.0,-47.0,-49.0,-48.0,-32.0
18141,-2.0,2.0,-14.0,1.0,1.0,2.0,2.0,4.0,8.0,3.0,1.0,-2.0,1.0,2.0,0.0,6.0,2.0,2.0,1.0,2.0,1.0,4.0,5.0,0.0,-1.0,-1.0,-1.0,-9.0,-2.0,-3.0,-11.0,-21.0,-23.0,-25.0,-28.0,-25.0,-28.0,-30.0,-36.0,-43.0,-43.0,-45.0,-37.0,-35.0,-45.0,-47.0,-47.0,-47.0,-47.0,-38.0,-34.0,-47.0,-48.0,-48.0,-49.0,-56.0,-39.0
19013,5.0,4.0,0.0,1.0,3.0,-4.0,-4.0,7.0,5.0,4.0,2.0,3.0,1.0,1.0,7.0,7.0,3.0,2.0,4.0,0.0,4.0,8.0,5.0,1.0,3.0,4.0,-1.0,1.0,3.0,-3.0,-17.0,-23.0,-27.0,-32.0,-31.0,-18.0,-25.0,-33.0,-34.0,-34.0,-37.0,-35.0,-19.0,-30.0,-35.0,-37.0,-36.0,-39.0,-38.0,-26.0,-30.0,-38.0,-40.0,-39.0,-43.0,-48.0,-30.0
18157,-5.0,5.0,-6.0,2.0,2.0,4.0,2.0,16.0,10.0,3.0,2.0,0.0,2.0,1.0,0.0,11.0,3.0,3.0,3.0,4.0,3.0,19.0,7.0,2.0,1.0,0.0,1.0,-3.0,2.0,-6.0,-22.0,-27.0,-31.0,-32.0,-34.0,-29.0,-33.0,-47.0,-51.0,-58.0,-58.0,-57.0,-43.0,-41.0,-55.0,-57.0,-57.0,-56.0,-56.0,-45.0,-40.0,-55.0,-56.0,-58.0,-58.0,-62.0,-43.0
20173,1.0,1.0,-16.0,-4.0,4.0,-2.0,3.0,3.0,1.0,4.0,1.0,4.0,1.0,3.0,3.0,3.0,6.0,3.0,5.0,2.0,3.0,5.0,3.0,4.0,3.0,5.0,1.0,-7.0,-1.0,-5.0,-17.0,-22.0,-23.0,-27.0,-27.0,-17.0,-25.0,-29.0,-32.0,-38.0,-41.0,-40.0,-30.0,-34.0,-42.0,-44.0,-44.0,-46.0,-46.0,-34.0,-36.0,-44.0,-46.0,-46.0,-47.0,-50.0,-35.0
20045,6.0,3.0,-3.0,1.0,6.0,0.0,7.0,4.0,8.0,8.0,2.0,5.0,1.0,9.0,5.0,8.0,9.0,2.0,5.0,1.0,8.0,1.0,1.0,-12.0,-16.0,-13.0,-17.0,-15.0,-10.0,-11.0,-22.0,-32.0,-33.0,-39.0,-37.0,-28.0,-33.0,-43.0,-54.0,-52.0,-56.0,-51.0,-39.0,-38.0,-53.0,-57.0,-56.0,-57.0,-54.0,-40.0,-40.0,-55.0,-57.0,-56.0,-58.0,-56.0,-40.0
19153,5.0,2.0,-9.0,1.0,3.0,2.0,4.0,4.0,3.0,4.0,-2.0,2.0,2.0,3.0,6.0,3.0,4.0,2.0,3.0,2.0,5.0,7.0,4.0,3.0,2.0,3.0,0.0,-5.0,1.0,-5.0,-22.0,-31.0,-36.0,-40.0,-39.0,-21.0,-31.0,-43.0,-46.0,-46.0,-47.0,-45.0,-29.0,-34.0,-47.0,-49.0,-48.0,-49.0,-48.0,-30.0,-35.0,-49.0,-51.0,-51.0,-52.0,-51.0,-32.0
19103,6.0,7.0,-1.0,1.0,2.0,1.0,14.0,10.0,8.0,8.0,1.0,1.0,3.0,16.0,9.0,9.0,1.0,1.0,2.0,3.0,17.0,11.0,7.0,6.0,1.0,1.0,-1.0,9.0,3.0,-7.0,-24.0,-33.0,-39.0,-41.0,-36.0,-24.0,-32.0,-43.0,-49.0,-50.0,-51.0,-43.0,-33.0,-36.0,-49.0,-53.0,-53.0,-53.0,-46.0,-35.0,-38.0,-52.0,-55.0,-55.0,-55.0,-51.0,-37.0
20209,3.0,4.0,-14.0,2.0,5.0,2.0,26.0,9.0,5.0,6.0,2.0,6.0,3.0,26.0,4.0,5.0,8.0,3.0,6.0,4.0,26.0,9.0,4.0,3.0,2.0,4.0,1.0,10.0,-2.0,-4.0,-15.0,-24.0,-25.0,-29.0,-17.0,-18.0,-26.0,-30.0,-43.0,-41.0,-43.0,-31.0,-28.0,-33.0,-40.0,-44.0,-42.0,-45.0,-35.0,-35.0,-37.0,-42.0,-45.0,-44.0,-46.0,-39.0,-33.0
20091,2.0,3.0,-19.0,-2.0,3.0,2.0,23.0,6.0,7.0,5.0,2.0,4.0,3.0,23.0,4.0,7.0,7.0,2.0,4.0,3.0,23.0,6.0,5.0,4.0,1.0,2.0,-1.0,3.0,-5.0,-10.0,-27.0,-38.0,-42.0,-46.0,-37.0,-25.0,-28.0,-47.0,-59.0,-58.0,-59.0,-50.0,-37.0,-40.0,-58.0,-60.0,-60.0,-60.0,-53.0,-40.0,-42.0,-59.0,-61.0,-61.0,-61.0,-55.0,-39.0
19113,3.0,1.0,-8.0,1.0,2.0,1.0,11.0,6.0,3.0,4.0,1.0,2.0,1.0,11.0,5.0,3.0,4.0,1.0,2.0,2.0,13.0,7.0,5.0,2.0,1.0,1.0,-1.0,9.0,0.0,-4.0,-17.0,-26.0,-30.0,-33.0,-29.0,-20.0,-26.0,-37.0,-42.0,-45.0,-46.0,-41.0,-30.0,-36.0,-47.0,-50.0,-51.0,-50.0,-45.0,-31.0,-34.0,-48.0,-51.0,-50.0,-51.0,-52.0,-35.0
19163,1.0,0.0,-20.0,0.0,-1.0,-1.0,1.0,2.0,0.0,3.0,0.0,0.0,0.0,1.0,2.0,4.0,2.0,1.0,1.0,0.0,2.0,2.0,0.0,1.0,2.0,1.0,0.0,-2.0,-1.0,-4.0,-17.0,-22.0,-28.0,-30.0,-32.0,-22.0,-30.0,-34.0,-37.0,-38.0,-39.0,-39.0,-29.0,-31.0,-39.0,-42.0,-42.0,-44.0,-42.0,-30.0,-34.0,-42.0,-44.0,-45.0,-46.0,-52.0,-33.0
19193,0.0,3.0,-6.0,3.0,-2.0,1.0,3.0,2.0,5.0,4.0,3.0,3.0,-2.0,-4.0,2.0,4.0,4.0,3.0,4.0,2.0,2.0,4.0,7.0,1.0,2.0,2.0,1.0,2.0,1.0,0.0,-7.0,-15.0,-18.0,-20.0,-25.0,-10.0,-23.0,-22.0,-25.0,-25.0,-27.0,-27.0,-16.0,-26.0,-26.0,-27.0,-28.0,-30.0,-30.0,-16.0,-26.0,-27.0,-30.0,-30.0,-31.0,-36.0,-24.0
25017,-1.0,0.0,-48.0,-10.0,-10.0,-8.0,-10.0,2.0,3.0,4.0,3.0,2.0,3.0,3.0,3.0,4.0,4.0,0.0,2.0,4.0,2.0,3.0,3.0,-1.0,-2.0,-6.0,-11.0,-24.0,-6.0,-12.0,-42.0,-51.0,-53.0,-56.0,-54.0,-33.0,-37.0,-60.0,-65.0,-67.0,-66.0,-65.0,-45.0,-46.0,-67.0,-68.0,-68.0,-69.0,-68.0,-46.0,-46.0,-68.0,-69.0,-70.0,-70.0,-69.0,-47.0
34021,1.0,0.0,-38.0,1.0,2.0,2.0,2.0,6.0,2.0,3.0,2.0,2.0,2.0,2.0,5.0,2.0,3.0,2.0,3.0,3.0,1.0,5.0,3.0,0.0,-1.0,-2.0,-6.0,-12.0,-3.0,-10.0,-27.0,-37.0,-41.0,-45.0,-46.0,-29.0,-38.0,-57.0,-57.0,-58.0,-57.0,-57.0,-41.0,-43.0,-58.0,-60.0,-59.0,-61.0,-59.0,-40.0,-41.0,-60.0,-61.0,-61.0,-63.0,-67.0,-42.0
04027,-3.0,-3.0,-29.0,1.0,2.0,1.0,1.0,-5.0,-3.0,2.0,1.0,2.0,1.0,1.0,-1.0,-2.0,3.0,3.0,2.0,2.0,2.0,-1.0,-1.0,2.0,1.0,0.0,-4.0,0.0,0.0,2.0,-11.0,-16.0,-22.0,-22.0,-22.0,-18.0,-18.0,-25.0,-29.0,-32.0,-32.0,-31.0,-25.0,-27.0,-32.0,-35.0,-36.0,-38.0,-36.0,-29.0,-28.0,-33.0,-36.0,-39.0,-38.0,-42.0,-34.0
05143,-1.0,1.0,-11.0,0.0,3.0,1.0,3.0,1.0,1.0,2.0,1.0,3.0,2.0,3.0,0.0,3.0,2.0,2.0,5.0,2.0,4.0,4.0,2.0,0.0,1.0,3.0,0.0,-2.0,-6.0,-6.0,-21.0,-25.0,-27.0,-35.0,-34.0,-22.0,-32.0,-40.0,-42.0,-41.0,-43.0,-43.0,-31.0,-34.0,-42.0,-43.0,-42.0,-44.0,-45.0,-34.0,-36.0,-44.0,-45.0,-43.0,-46.0,-47.0,-33.0
05131,-1.0,2.0,-12.0,1.0,2.0,1.0,1.0,1.0,0.0,0.0,3.0,2.0,2.0,2.0,2.0,2.0,1.0,1.0,1.0,3.0,3.0,4.0,4.0,1.0,2.0,3.0,2.0,0.0,-4.0,-1.0,-13.0,-17.0,-19.0,-23.0,-26.0,-19.0,-25.0,-31.0,-32.0,-34.0,-34.0,-35.0,-26.0,-27.0,-34.0,-33.0,-34.0,-35.0,-36.0,-27.0,-30.0,-34.0,-35.0,-36.0,-37.0,-45.0,-30.0
05031,1.0,0.0,-13.0,0.0,0.0,1.0,-1.0,4.0,2.0,1.0,0.0,2.0,0.0,0.0,7.0,0.0,1.0,1.0,2.0,1.0,-3.0,1.0,1.0,1.0,0.0,2.0,0.0,-1.0,3.0,-2.0,-12.0,-16.0,-18.0,-19.0,-23.0,-12.0,-23.0,-29.0,-33.0,-33.0,-33.0,-35.0,-16.0,-24.0,-31.0,-33.0,-31.0,-31.0,-33.0,-20.0,-28.0,-33.0,-35.0,-34.0,-37.0,-43.0,-26.0
05119,3.0,0.0,-18.0,1.0,3.0,1.0,-1.0,5.0,0.0,-1.0,3.0,3.0,2.0,2.0,5.0,2.0,3.0,3.0,3.0,2.0,2.0,6.0,3.0,2.0,3.0,2.0,1.0,-12.0,-1.0,-10.0,-18.0,-19.0,-25.0,-25.0,-28.0,-17.0,-29.0,-34.0,-37.0,-39.0,-39.0,-39.0,-27.0,-30.0,-38.0,-39.0,-40.0,-40.0,-40.0,-28.0,-31.0,-40.0,-42.0,-43.0,-43.0,-45.0,-30.0
05007,3.0,3.0,-13.0,2.0,6.0,2.0,5.0,3.0,0.0,3.0,2.0,5.0,3.0,6.0,4.0,3.0,4.0,3.0,6.0,2.0,6.0,2.0,0.0,2.0,2.0,5.0,1.0,1.0,-4.0,-7.0,-30.0,-35.0,-36.0,-42.0,-41.0,-19.0,-31.0,-46.0,-49.0,-47.0,-50.0,-49.0,-26.0,-34.0,-48.0,-50.0,-49.0,-50.0,-50.0,-32.0,-35.0,-50.0,-51.0,-49.0,-51.0,-53.0,-32.0
06001,0.0,1.0,-53.0,0.0,0.0,0.0,3.0,4.0,3.0,4.0,3.0,2.0,2.0,4.0,3.0,4.0,3.0,1.0,1.0,-1.0,0.0,1.0,1.0,-6.0,-9.0,-12.0,-16.0,-17.0,-8.0,-11.0,-36.0,-59.0,-60.0,-61.0,-59.0,-39.0,-40.0,-63.0,-65.0,-64.0,-64.0,-62.0,-44.0,-44.0,-64.0,-66.0,-65.0,-66.0,-64.0,-47.0,-49.0,-67.0,-66.0,-66.0,-67.0,-65.0,-45.0
06059,0.0,0.0,-33.0,2.0,2.0,1.0,1.0,1.0,1.0,4.0,3.0,3.0,2.0,3.0,3.0,0.0,4.0,3.0,2.0,2.0,3.0,2.0,0.0,3.0,-1.0,1.0,-3.0,-5.0,-5.0,-10.0,-20.0,-28.0,-37.0,-40.0,-44.0,-36.0,-41.0,-50.0,-51.0,-51.0,-52.0,-51.0,-39.0,-44.0,-51.0,-53.0,-53.0,-53.0,-52.0,-42.0,-46.0,-56.0,-55.0,-55.0,-57.0,-58.0,-43.0
06013,-2.0,0.0,-48.0,-2.0,0.0,-1.0,0.0,2.0,4.0,4.0,4.0,3.0,2.0,3.0,1.0,4.0,3.0,2.0,2.0,1.0,1.0,-1.0,2.0,0.0,-2.0,-4.0,-6.0,-9.0,-8.0,-10.0,-29.0,-50.0,-52.0,-52.0,-51.0,-36.0,-37.0,-54.0,-56.0,-56.0,-56.0,-55.0,-42.0,-41.0,-56.0,-57.0,-57.0,-58.0,-56.0,-43.0,-44.0,-59.0,-59.0,-59.0,-60.0,-59.0,-43.0
06023,-2.0,-4.0,-29.0,-9.0,-8.0,-8.0,-4.0,-1.0,0.0,8.0,2.0,2.0,2.0,8.0,3.0,2.0,11.0,2.0,2.0,2.0,9.0,2.0,2.0,7.0,1.0,1.0,1.0,2.0,-7.0,-9.0,-13.0,-25.0,-27.0,-29.0,-35.0,-32.0,-32.0,-36.0,-43.0,-43.0,-44.0,-39.0,-35.0,-35.0,-42.0,-50.0,-47.0,-47.0,-41.0,-39.0,-38.0,-43.0,-47.0,-47.0,-47.0,-43.0,-35.0
22071,2.0,-2.0,-1.0,2.0,1.0,-4.0,-7.0,-5.0,3.0,-26.0,-63.0,-21.0,-11.0,-10.0,-1.0,4.0,3.0,2.0,0.0,1.0,2.0,1.0,2.0,2.0,0.0,0.0,-2.0,-4.0,-6.0,-9.0,-23.0,-35.0,-39.0,-42.0,-45.0,-46.0,-48.0,-52.0,-57.0,-57.0,-58.0,-58.0,-52.0,-54.0,-57.0,-59.0,-59.0,-60.0,-59.0,-53.0,-54.0,-58.0,-59.0,-59.0,-60.0,-66.0,-53.0
21067,1.0,0.0,-13.0,1.0,0.0,2.0,2.0,6.0,0.0,3.0,2.0,1.0,0.0,2.0,2.0,1.0,3.0,2.0,1.0,1.0,1.0,4.0,0.0,2.0,0.0,-1.0,-1.0,-3.0,-6.0,-14.0,-16.0,-24.0,-28.0,-31.0,-34.0,-28.0,-34.0,-40.0,-44.0,-45.0,-46.0,-47.0,-33.0,-39.0,-49.0,-52.0,-52.0,-52.0,-52.0,-37.0,-42.0,-51.0,-52.0,-53.0,-53.0,-54.0,-40.0
21111,-1.0,2.0,-12.0,1.0,2.0,1.0,2.0,2.0,1.0,1.0,2.0,2.0,1.0,2.0,2.0,3.0,1.0,2.0,2.0,2.0,1.0,2.0,1.0,0.0,0.0,0.0,-3.0,-5.0,-6.0,-8.0,-19.0,-25.0,-29.0,-32.0,-34.0,-27.0,-32.0,-38.0,-43.0,-44.0,-46.0,-47.0,-35.0,-38.0,-48.0,-49.0,-50.0,-51.0,-50.0,-39.0,-39.0,-50.0,-51.0,-51.0,-51.0,-55.0,-40.0
22051,0.0,-1.0,1.0,3.0,2.0,-1.0,-2.0,-2.0,4.0,-22.0,-65.0,-15.0,-10.0,-9.0,2.0,4.0,5.0,4.0,2.0,3.0,3.0,4.0,3.0,5.0,3.0,2.0,2.0,-1.0,-2.0,-6.0,-14.0,-24.0,-28.0,-30.0,-34.0,-33.0,-36.0,-41.0,-47.0,-48.0,-49.0,-50.0,-43.0,-44.0,-48.0,-50.0,-51.0,-51.0,-52.0,-45.0,-44.0,-49.0,-51.0,-51.0,-52.0,-61.0,-45.0
22033,3.0,0.0,8.0,2.0,0.0,-1.0,0.0,-1.0,1.0,-10.0,-34.0,-5.0,0.0,0.0,3.0,3.0,12.0,3.0,1.0,2.0,1.0,4.0,4.0,11.0,2.0,1.0,1.0,0.0,-1.0,-2.0,-5.0,-22.0,-27.0,-29.0,-33.0,-21.0,-26.0,-34.0,-47.0,-48.0,-48.0,-49.0,-32.0,-34.0,-44.0,-50.0,-50.0,-51.0,-50.0,-34.0,-36.0,-45.0,-51.0,-51.0,-52.0,-62.0,-36.0
22055,0.0,0.0,2.0,1.0,1.0,-1.0,1.0,-1.0,0.0,-19.0,-53.0,-13.0,-5.0,0.0,6.0,4.0,6.0,2.0,2.0,2.0,2.0,5.0,4.0,5.0,2.0,1.0,1.0,1.0,2.0,0.0,-10.0,-20.0,-23.0,-26.0,-28.0,-22.0,-26.0,-32.0,-44.0,-43.0,-44.0,-44.0,-31.0,-31.0,-42.0,-46.0,-45.0,-46.0,-45.0,-33.0,-35.0,-43.0,-46.0,-46.0,-47.0,-62.0,-36.0
22019,6.0,5.0,1.0,2.0,3.0,-1.0,1.0,4.0,3.0,-14.0,-28.0,-11.0,1.0,1.0,6.0,5.0,5.0,1.0,0.0,1.0,1.0,4.0,3.0,3.0,1.0,1.0,1.0,-2.0,2.0,-2.0,-9.0,-15.0,-19.0,-22.0,-26.0,-21.0,-27.0,-28.0,-37.0,-37.0,-36.0,-39.0,-29.0,-34.0,-37.0,-40.0,-40.0,-40.0,-41.0,-31.0,-37.0,-39.0,-41.0,-42.0,-42.0,-58.0,-33.0
06029,-5.0,-2.0,-36.0,1.0,2.0,1.0,3.0,-2.0,-1.0,4.0,1.0,2.0,2.0,5.0,0.0,0.0,4.0,2.0,2.0,3.0,4.0,2.0,1.0,3.0,0.0,1.0,1.0,3.0,-1.0,0.0,-4.0,-10.0,-26.0,-29.0,-33.0,-21.0,-25.0,-39.0,-42.0,-43.0,-43.0,-39.0,-25.0,-30.0,-41.0,-44.0,-43.0,-44.0,-42.0,-27.0,-32.0,-46.0,-46.0,-49.0,-49.0,-47.0,-29.0
06037,-1.0,0.0,-32.0,2.0,2.0,2.0,2.0,1.0,2.0,4.0,3.0,3.0,2.0,3.0,2.0,1.0,4.0,3.0,2.0,2.0,2.0,2.0,1.0,3.0,-2.0,0.0,-3.0,-7.0,-7.0,-9.0,-22.0,-29.0,-33.0,-35.0,-41.0,-34.0,-38.0,-47.0,-49.0,-49.0,-50.0,-49.0,-39.0,-41.0,-51.0,-51.0,-52.0,-52.0,-51.0,-41.0,-43.0,-54.0,-54.0,-55.0,-57.0,-57.0,-43.0
35049,2.0,3.0,-22.0,3.0,3.0,2.0,8.0,-1.0,-2.0,2.0,3.0,2.0,3.0,9.0,4.0,3.0,4.0,3.0,2.0,3.0,8.0,1.0,1.0,1.0,1.0,-1.0,-2.0,-1.0,-5.0,-6.0,-24.0,-28.0,-33.0,-38.0,-35.0,-34.0,-37.0,-42.0,-49.0,-51.0,-52.0,-47.0,-43.0,-44.0,-51.0,-51.0,-51.0,-53.0,-48.0,-45.0,-44.0,-51.0,-53.0,-53.0,-53.0,-54.0,-46.0
06089,1.0,1.0,-33.0,-9.0,-9.0,-9.0,-9.0,2.0,3.0,2.0,3.0,3.0,3.0,2.0,4.0,5.0,3.0,3.0,4.0,3.0,2.0,2.0,1.0,2.0,4.0,2.0,0.0,0.0,0.0,-7.0,-10.0,-17.0,-22.0,-21.0,-27.0,-19.0,-25.0,-33.0,-35.0,-36.0,-36.0,-35.0,-28.0,-31.0,-37.0,-38.0,-37.0,-37.0,-37.0,-32.0,-35.0,-38.0,-39.0,-40.0,-40.0,-39.0,-29.0
06073,-1.0,0.0,-38.0,1.0,1.0,0.0,2.0,-1.0,2.0,6.0,5.0,3.0,3.0,5.0,2.0,2.0,6.0,4.0,3.0,3.0,4.0,2.0,1.0,4.0,-1.0,0.0,-4.0,-5.0,-6.0,-7.0,-23.0,-31.0,-39.0,-41.0,-46.0,-36.0,-38.0,-50.0,-52.0,-53.0,-53.0,-51.0,-39.0,-41.0,-51.0,-54.0,-54.0,-55.0,-53.0,-41.0,-43.0,-55.0,-57.0,-57.0,-58.0,-60.0,-42.0
36061,0.0,-2.0,-51.0,-6.0,-4.0,-5.0,-5.0,7.0,2.0,4.0,3.0,3.0,3.0,3.0,6.0,1.0,4.0,3.0,2.0,2.0,-1.0,7.0,0.0,-3.0,-7.0,-12.0,-18.0,-26.0,-9.0,-17.0,-48.0,-55.0,-58.0,-62.0,-63.0,-41.0,-48.0,-75.0,-74.0,-75.0,-75.0,-74.0,-56.0,-57.0,-77.0,-78.0,-77.0,-78.0,-78.0,-57.0,-56.0,-77.0,-78.0,-79.0,-80.0,-79.0,-55.0
06071,-2.0,-1.0,-31.0,1.0,1.0,1.0,2.0,0.0,0.0,4.0,2.0,2.0,1.0,2.0,1.0,-1.0,3.0,2.0,2.0,2.0,2.0,1.0,1.0,4.0,-2.0,0.0,-3.0,-4.0,-3.0,-5.0,-16.0,-21.0,-26.0,-29.0,-34.0,-25.0,-30.0,-38.0,-39.0,-40.0,-41.0,-41.0,-30.0,-34.0,-40.0,-42.0,-42.0,-43.0,-42.0,-33.0,-36.0,-45.0,-46.0,-47.0,-48.0,-50.0,-35.0
06067,-2.0,0.0,-44.0,-2.0,-1.0,-1.0,1.0,0.0,1.0,4.0,3.0,2.0,1.0,3.0,1.0,2.0,4.0,3.0,2.0,2.0,2.0,-2.0,0.0,0.0,-1.0,-2.0,-4.0,-6.0,-7.0,-10.0,-21.0,-27.0,-35.0,-38.0,-45.0,-32.0,-35.0,-46.0,-49.0,-50.0,-50.0,-49.0,-37.0,-37.0,-49.0,-54.0,-51.0,-52.0,-50.0,-40.0,-42.0,-51.0,-52.0,-53.0,-54.0,-53.0,-37.0
06019,-5.0,-3.0,-43.0,1.0,0.0,1.0,2.0,1.0,1.0,2.0,2.0,1.0,2.0,2.0,2.0,0.0,-3.0,2.0,1.0,1.0,2.0,2.0,0.0,2.0,1.0,0.0,0.0,0.0,-1.0,-5.0,-21.0,-24.0,-26.0,-34.0,-35.0,-25.0,-27.0,-39.0,-41.0,-42.0,-42.0,-40.0,-27.0,-31.0,-41.0,-44.0,-43.0,-43.0,-42.0,-28.0,-35.0,-45.0,-45.0,-46.0,-47.0,-47.0,-31.0
25025,-1.0,1.0,-44.0,-8.0,-7.0,-6.0,-4.0,4.0,5.0,4.0,3.0,2.0,1.0,4.0,2.0,3.0,2.0,0.0,0.0,1.0,2.0,1.0,2.0,0.0,-2.0,-6.0,-10.0,-17.0,-8.0,-12.0,-34.0,-48.0,-50.0,-54.0,-52.0,-40.0,-42.0,-58.0,-63.0,-65.0,-65.0,-63.0,-50.0,-51.0,-65.0,-66.0,-67.0,-68.0,-67.0,-53.0,-52.0,-67.0,-69.0,-69.0,-70.0,-69.0,-55.0
22017,0.0,0.0,-19.0,-10.0,-11.0,0.0,1.0,1.0,-2.0,1.0,1.0,2.0,2.0,1.0,3.0,3.0,2.0,3.0,-2.0,3.0,2.0,5.0,3.0,0.0,1.0,1.0,0.0,-1.0,1.0,-3.0,-13.0,-19.0,-23.0,-25.0,-29.0,-21.0,-26.0,-34.0,-39.0,-40.0,-39.0,-40.0,-32.0,-32.0,-41.0,-42.0,-42.0,-43.0,-43.0,-37.0,-37.0,-43.0,-44.0,-44.0,-44.0,-54.0,-36.0
24510,0.0,0.0,-25.0,4.0,2.0,2.0,3.0,5.0,3.0,4.0,4.0,3.0,2.0,3.0,3.0,4.0,4.0,4.0,2.0,2.0,2.0,4.0,4.0,3.0,2.0,0.0,-1.0,-8.0,0.0,-8.0,-23.0,-29.0,-34.0,-37.0,-38.0,-25.0,-30.0,-45.0,-46.0,-50.0,-49.0,-47.0,-36.0,-37.0,-48.0,-53.0,-53.0,-54.0,-51.0,-38.0,-40.0,-52.0,-54.0,-54.0,-56.0,-57.0,-36.0
25023,-2.0,1.0,-40.0,-10.0,-11.0,-10.0,-11.0,1.0,3.0,3.0,3.0,2.0,2.0,3.0,2.0,4.0,3.0,-1.0,2.0,3.0,1.0,1.0,3.0,2.0,2.0,0.0,0.0,-9.0,-1.0,-3.0,-21.0,-30.0,-34.0,-36.0,-35.0,-24.0,-27.0,-41.0,-47.0,-50.0,-49.0,-49.0,-34.0,-37.0,-50.0,-51.0,-52.0,-52.0,-53.0,-38.0,-35.0,-52.0,-53.0,-54.0,-54.0,-54.0,-38.0
23005,-2.0,6.0,-35.0,-13.0,-12.0,-10.0,-10.0,1.0,6.0,3.0,2.0,2.0,0.0,1.0,1.0,8.0,2.0,1.0,2.0,3.0,1.0,1.0,7.0,1.0,0.0,0.0,1.0,-7.0,-1.0,-1.0,-22.0,-34.0,-39.0,-41.0,-43.0,-30.0,-29.0,-46.0,-52.0,-50.0,-51.0,-52.0,-38.0,-37.0,-53.0,-53.0,-53.0,-56.0,-55.0,-40.0,-39.0,-54.0,-55.0,-56.0,-56.0,-57.0,-40.0
22015,0.0,-1.0,-23.0,-6.0,0.0,1.0,1.0,2.0,-4.0,2.0,0.0,2.0,2.0,3.0,6.0,1.0,4.0,3.0,0.0,2.0,1.0,2.0,2.0,-10.0,-10.0,-10.0,-11.0,-13.0,0.0,-4.0,-13.0,-19.0,-23.0,-26.0,-31.0,-24.0,-31.0,-34.0,-41.0,-42.0,-43.0,-43.0,-35.0,-37.0,-42.0,-44.0,-46.0,-46.0,-44.0,-39.0,-39.0,-44.0,-46.0,-45.0,-44.0,-57.0,-41.0
35043,0.0,1.0,-28.0,3.0,3.0,3.0,2.0,1.0,2.0,3.0,3.0,2.0,2.0,3.0,4.0,5.0,3.0,2.0,2.0,1.0,-2.0,2.0,3.0,1.0,1.0,0.0,-1.0,-6.0,-5.0,-7.0,-23.0,-28.0,-33.0,-37.0,-39.0,-29.0,-34.0,-42.0,-49.0,-51.0,-53.0,-53.0,-43.0,-42.0,-53.0,-54.0,-53.0,-55.0,-54.0,-42.0,-43.0,-54.0,-55.0,-55.0,-57.0,-58.0,-43.0
34007,1.0,1.0,-26.0,1.0,2.0,1.0,2.0,6.0,4.0,3.0,1.0,1.0,0.0,2.0,3.0,2.0,2.0,1.0,1.0,2.0,1.0,4.0,2.0,1.0,0.0,0.0,-2.0,-5.0,-1.0,-6.0,-18.0,-29.0,-35.0,-39.0,-40.0,-26.0,-34.0,-50.0,-51.0,-52.0,-52.0,-51.0,-38.0,-37.0,-52.0,-53.0,-54.0,-54.0,-53.0,-37.0,-37.0,-54.0,-55.0,-56.0,-56.0,-60.0,-40.0
06065,-2.0,-1.0,-32.0,-1.0,-1.0,-1.0,-1.0,-1.0,0.0,4.0,2.0,2.0,2.0,3.0,2.0,0.0,5.0,3.0,2.0,2.0,3.0,3.0,1.0,4.0,-3.0,0.0,-3.0,-4.0,-5.0,-7.0,-19.0,-26.0,-31.0,-34.0,-38.0,-31.0,-35.0,-42.0,-44.0,-44.0,-45.0,-44.0,-35.0,-39.0,-44.0,-46.0,-46.0,-47.0,-46.0,-37.0,-41.0,-48.0,-50.0,-51.0,-51.0,-54.0,-39.0
27137,7.0,5.0,-21.0,-6.0,-6.0,-5.0,0.0,6.0,4.0,4.0,1.0,1.0,2.0,6.0,6.0,9.0,5.0,2.0,1.0,0.0,4.0,4.0,1.0,-2.0,-5.0,-6.0,-5.0,-2.0,0.0,-2.0,-6.0,-15.0,-29.0,-32.0,-30.0,-25.0,-30.0,-37.0,-41.0,-44.0,-44.0,-41.0,-36.0,-37.0,-47.0,-50.0,-50.0,-50.0,-48.0,-36.0,-37.0,-49.0,-51.0,-52.0,-52.0,-53.0,-36.0
26049,2.0,0.0,-17.0,-13.0,0.0,0.0,1.0,5.0,0.0,3.0,2.0,-19.0,-15.0,2.0,3.0,2.0,2.0,2.0,2.0,2.0,2.0,4.0,2.0,2.0,0.0,2.0,1.0,-9.0,-1.0,-6.0,-17.0,-24.0,-27.0,-28.0,-33.0,-26.0,-33.0,-41.0,-56.0,-56.0,-57.0,-57.0,-46.0,-45.0,-59.0,-61.0,-60.0,-60.0,-60.0,-46.0,-46.0,-60.0,-62.0,-61.0,-62.0,-65.0,-46.0
26125,4.0,2.0,-17.0,-10.0,-2.0,-2.0,-1.0,8.0,4.0,2.0,1.0,-19.0,-13.0,1.0,7.0,5.0,2.0,1.0,1.0,2.0,1.0,8.0,3.0,1.0,-4.0,0.0,-2.0,-13.0,0.0,-9.0,-31.0,-40.0,-44.0,-47.0,-49.0,-32.0,-38.0,-56.0,-69.0,-70.0,-70.0,-70.0,-51.0,-50.0,-71.0,-73.0,-72.0,-72.0,-72.0,-52.0,-52.0,-73.0,-74.0,-73.0,-74.0,-75.0,-52.0
27053,2.0,1.0,-24.0,-2.0,1.0,1.0,2.0,3.0,4.0,3.0,1.0,1.0,1.0,2.0,5.0,5.0,3.0,1.0,1.0,1.0,0.0,4.0,3.0,-2.0,-1.0,-2.0,-4.0,-8.0,-2.0,-6.0,-23.0,-35.0,-43.0,-47.0,-48.0,-33.0,-35.0,-51.0,-54.0,-55.0,-55.0,-55.0,-45.0,-44.0,-60.0,-61.0,-61.0,-61.0,-61.0,-43.0,-44.0,-61.0,-62.0,-62.0,-62.0,-63.0,-43.0
26099,5.0,5.0,-15.0,-8.0,-4.0,-2.0,-2.0,8.0,6.0,3.0,1.0,-16.0,-11.0,1.0,8.0,6.0,3.0,2.0,1.0,3.0,2.0,10.0,6.0,2.0,-3.0,1.0,1.0,-4.0,2.0,-4.0,-21.0,-28.0,-32.0,-35.0,-39.0,-32.0,-35.0,-47.0,-62.0,-63.0,-63.0,-63.0,-52.0,-48.0,-65.0,-66.0,-67.0,-66.0,-66.0,-53.0,-50.0,-67.0,-68.0,-68.0,-68.0,-70.0,-53.0
26065,3.0,1.0,-24.0,-2.0,-1.0,1.0,0.0,8.0,5.0,2.0,2.0,-14.0,-4.0,1.0,6.0,3.0,0.0,0.0,0.0,0.0,-1.0,5.0,3.0,1.0,0.0,-1.0,-2.0,-5.0,2.0,-5.0,-25.0,-32.0,-36.0,-38.0,-43.0,-23.0,-30.0,-49.0,-60.0,-60.0,-62.0,-60.0,-40.0,-41.0,-63.0,-64.0,-64.0,-64.0,-63.0,-42.0,-41.0,-64.0,-65.0,-65.0,-65.0,-66.0,-40.0
26081,3.0,2.0,-8.0,-4.0,1.0,2.0,0.0,7.0,5.0,3.0,2.0,2.0,1.0,1.0,5.0,6.0,1.0,1.0,1.0,0.0,-2.0,6.0,3.0,1.0,1.0,1.0,0.0,-12.0,0.0,-6.0,-18.0,-25.0,-29.0,-31.0,-34.0,-24.0,-31.0,-38.0,-55.0,-55.0,-56.0,-56.0,-43.0,-44.0,-57.0,-59.0,-59.0,-59.0,-59.0,-44.0,-44.0,-58.0,-60.0,-60.0,-60.0,-63.0,-44.0
26077,7.0,6.0,-4.0,1.0,2.0,2.0,1.0,7.0,5.0,3.0,2.0,-2.0,0.0,-6.0,4.0,2.0,-5.0,-2.0,-2.0,-2.0,-2.0,6.0,4.0,2.0,2.0,1.0,-2.0,-7.0,3.0,-5.0,-20.0,-26.0,-28.0,-30.0,-32.0,-22.0,-28.0,-39.0,-52.0,-53.0,-54.0,-53.0,-38.0,-40.0,-54.0,-56.0,-55.0,-55.0,-55.0,-41.0,-40.0,-56.0,-57.0,-57.0,-57.0,-59.0,-40.0
26045,5.0,3.0,-23.0,-3.0,1.0,2.0,2.0,12.0,7.0,3.0,3.0,-14.0,-8.0,1.0,8.0,7.0,4.0,3.0,2.0,2.0,1.0,10.0,7.0,3.0,2.0,0.0,1.0,-3.0,7.0,-1.0,-20.0,-25.0,-30.0,-32.0,-38.0,-20.0,-27.0,-43.0,-57.0,-57.0,-59.0,-58.0,-37.0,-38.0,-59.0,-61.0,-61.0,-61.0,-60.0,-37.0,-40.0,-61.0,-62.0,-62.0,-62.0,-64.0,-37.0
29095,3.0,2.0,-17.0,2.0,4.0,1.0,20.0,5.0,3.0,6.0,2.0,4.0,2.0,19.0,5.0,6.0,8.0,3.0,4.0,3.0,19.0,7.0,5.0,4.0,2.0,4.0,0.0,12.0,-1.0,-6.0,-16.0,-26.0,-30.0,-34.0,-25.0,-22.0,-28.0,-36.0,-49.0,-48.0,-49.0,-40.0,-34.0,-36.0,-47.0,-50.0,-50.0,-52.0,-44.0,-37.0,-38.0,-49.0,-52.0,-52.0,-53.0,-47.0,-37.0
27109,1.0,1.0,-18.0,-1.0,1.0,1.0,8.0,4.0,2.0,1.0,-1.0,1.0,1.0,7.0,1.0,2.0,1.0,0.0,1.0,1.0,3.0,1.0,2.0,1.0,0.0,0.0,-2.0,2.0,-1.0,-6.0,-11.0,-18.0,-26.0,-30.0,-26.0,-22.0,-26.0,-36.0,-39.0,-41.0,-42.0,-40.0,-35.0,-40.0,-51.0,-52.0,-52.0,-53.0,-49.0,-36.0,-40.0,-52.0,-54.0,-54.0,-54.0,-50.0,-37.0
29510,2.0,4.0,-23.0,2.0,3.0,3.0,5.0,3.0,5.0,1.0,1.0,0.0,2.0,4.0,4.0,5.0,3.0,2.0,2.0,3.0,3.0,4.0,4.0,-2.0,-3.0,-1.0,-3.0,-2.0,-3.0,-4.0,-18.0,-26.0,-31.0,-35.0,-36.0,-25.0,-31.0,-45.0,-50.0,-50.0,-51.0,-49.0,-38.0,-36.0,-51.0,-53.0,-53.0,-54.0,-53.0,-41.0,-40.0,-54.0,-55.0,-55.0,-55.0,-57.0,-40.0
29021,3.0,3.0,-15.0,1.0,3.0,0.0,16.0,3.0,6.0,6.0,2.0,3.0,3.0,19.0,-2.0,7.0,9.0,2.0,4.0,4.0,19.0,3.0,7.0,4.0,2.0,3.0,3.0,3.0,-1.0,-3.0,-7.0,-14.0,-18.0,-19.0,-9.0,-15.0,-20.0,-18.0,-32.0,-29.0,-30.0,-21.0,-22.0,-22.0,-27.0,-32.0,-32.0,-34.0,-27.0,-20.0,-22.0,-29.0,-35.0,-34.0,-37.0,-34.0,-30.0
28047,0.0,-4.0,-10.0,1.0,2.0,-1.0,0.0,1.0,-1.0,-14.0,-25.0,-10.0,1.0,1.0,1.0,0.0,2.0,2.0,0.0,3.0,0.0,2.0,1.0,2.0,1.0,2.0,2.0,-1.0,1.0,-2.0,-13.0,-20.0,-25.0,-28.0,-32.0,-35.0,-40.0,-35.0,-38.0,-38.0,-40.0,-41.0,-40.0,-44.0,-39.0,-41.0,-42.0,-43.0,-45.0,-45.0,-46.0,-44.0,-45.0,-46.0,-47.0,-53.0,-45.0
28049,4.0,-1.0,-20.0,-1.0,0.0,-2.0,0.0,4.0,-1.0,1.0,2.0,1.0,2.0,0.0,5.0,3.0,2.0,2.0,-3.0,2.0,0.0,3.0,0.0,-15.0,-15.0,-14.0,-16.0,-17.0,0.0,-5.0,-14.0,-21.0,-23.0,-25.0,-29.0,-13.0,-27.0,-30.0,-34.0,-34.0,-34.0,-34.0,-19.0,-29.0,-35.0,-39.0,-37.0,-38.0,-40.0,-30.0,-35.0,-42.0,-44.0,-45.0,-44.0,-49.0,-27.0
29047,7.0,4.0,-16.0,1.0,3.0,2.0,25.0,12.0,8.0,6.0,2.0,4.0,3.0,26.0,10.0,8.0,7.0,2.0,4.0,3.0,26.0,12.0,7.0,4.0,2.0,3.0,0.0,14.0,2.0,-3.0,-20.0,-28.0,-33.0,-37.0,-27.0,-21.0,-28.0,-40.0,-51.0,-51.0,-52.0,-42.0,-34.0,-38.0,-51.0,-54.0,-53.0,-54.0,-45.0,-37.0,-40.0,-53.0,-55.0,-55.0,-55.0,-49.0,-37.0
29019,4.0,8.0,-16.0,2.0,5.0,6.0,26.0,7.0,9.0,5.0,2.0,4.0,5.0,16.0,6.0,7.0,6.0,3.0,5.0,5.0,23.0,7.0,9.0,3.0,1.0,-1.0,0.0,18.0,0.0,-3.0,-6.0,-13.0,-25.0,-31.0,-21.0,-23.0,-33.0,-44.0,-49.0,-51.0,-51.0,-41.0,-35.0,-36.0,-49.0,-51.0,-51.0,-51.0,-41.0,-34.0,-35.0,-50.0,-52.0,-52.0,-51.0,-44.0,-34.0
27123,0.0,1.0,-24.0,1.0,2.0,2.0,7.0,3.0,3.0,4.0,3.0,3.0,3.0,7.0,4.0,3.0,5.0,2.0,3.0,2.0,1.0,3.0,1.0,-2.0,-6.0,-7.0,-10.0,-8.0,-2.0,-6.0,-20.0,-29.0,-37.0,-41.0,-40.0,-27.0,-31.0,-44.0,-47.0,-49.0,-48.0,-47.0,-41.0,-42.0,-55.0,-55.0,-55.0,-56.0,-54.0,-39.0,-40.0,-55.0,-56.0,-56.0,-56.0,-57.0,-39.0
29183,6.0,7.0,-26.0,1.0,3.0,3.0,5.0,10.0,8.0,2.0,1.0,0.0,4.0,5.0,10.0,10.0,4.0,2.0,3.0,4.0,4.0,9.0,8.0,-3.0,-4.0,-3.0,-4.0,-8.0,3.0,-3.0,-21.0,-28.0,-33.0,-37.0,-40.0,-23.0,-33.0,-48.0,-54.0,-54.0,-55.0,-54.0,-35.0,-37.0,-55.0,-56.0,-55.0,-57.0,-55.0,-37.0,-41.0,-57.0,-59.0,-58.0,-59.0,-60.0,-39.0
29165,8.0,3.0,-19.0,2.0,3.0,1.0,21.0,11.0,5.0,0.0,1.0,3.0,1.0,22.0,7.0,5.0,3.0,2.0,4.0,0.0,22.0,9.0,3.0,0.0,1.0,1.0,-3.0,11.0,1.0,-6.0,-25.0,-31.0,-37.0,-40.0,-32.0,-21.0,-26.0,-44.0,-53.0,-53.0,-55.0,-45.0,-34.0,-40.0,-55.0,-55.0,-56.0,-57.0,-48.0,-34.0,-40.0,-57.0,-58.0,-58.0,-58.0,-51.0,-36.0
29037,3.0,1.0,-16.0,1.0,6.0,1.0,21.0,6.0,-1.0,5.0,3.0,6.0,2.0,20.0,5.0,-1.0,7.0,4.0,7.0,2.0,19.0,7.0,-1.0,3.0,2.0,6.0,-1.0,14.0,-1.0,-11.0,-17.0,-25.0,-27.0,-32.0,-22.0,-18.0,-29.0,-33.0,-44.0,-43.0,-44.0,-35.0,-25.0,-33.0,-43.0,-46.0,-44.0,-47.0,-39.0,-30.0,-36.0,-45.0,-47.0,-46.0,-49.0,-44.0,-30.0
28089,4.0,0.0,-22.0,1.0,0.0,-1.0,-2.0,12.0,2.0,1.0,4.0,2.0,1.0,0.0,6.0,4.0,3.0,4.0,-16.0,1.0,2.0,7.0,1.0,-14.0,-13.0,-14.0,-17.0,-20.0,3.0,-12.0,-17.0,-22.0,-25.0,-31.0,-34.0,-21.0,-36.0,-40.0,-42.0,-43.0,-42.0,-42.0,-26.0,-37.0,-45.0,-45.0,-46.0,-45.0,-48.0,-36.0,-42.0,-51.0,-51.0,-51.0,-52.0,-59.0,-33.0
06085,-1.0,-1.0,-58.0,-8.0,-7.0,-8.0,-7.0,3.0,4.0,4.0,4.0,3.0,2.0,4.0,4.0,4.0,3.0,2.0,2.0,0.0,-5.0,0.0,0.0,-12.0,-16.0,-22.0,-27.0,-30.0,-10.0,-15.0,-49.0,-69.0,-70.0,-70.0,-69.0,-45.0,-46.0,-72.0,-73.0,-73.0,-73.0,-71.0,-48.0,-48.0,-73.0,-74.0,-73.0,-74.0,-72.0,-50.0,-52.0,-75.0,-74.0,-74.0,-74.0,-73.0,-48.0
06055,1.0,2.0,-40.0,2.0,1.0,-1.0,3.0,2.0,2.0,3.0,3.0,0.0,1.0,3.0,5.0,1.0,4.0,2.0,1.0,0.0,2.0,0.0,1.0,3.0,2.0,-1.0,-1.0,-8.0,-7.0,-6.0,-19.0,-27.0,-34.0,-37.0,-44.0,-43.0,-45.0,-44.0,-50.0,-49.0,-50.0,-49.0,-50.0,-51.0,-46.0,-50.0,-49.0,-51.0,-50.0,-52.0,-52.0,-50.0,-50.0,-51.0,-53.0,-54.0,-50.0
31055,2.0,3.0,-18.0,2.0,2.0,2.0,4.0,3.0,4.0,3.0,2.0,2.0,2.0,4.0,3.0,5.0,3.0,2.0,3.0,1.0,3.0,3.0,2.0,-6.0,-7.0,-6.0,-7.0,-12.0,-6.0,-5.0,-21.0,-28.0,-32.0,-35.0,-35.0,-20.0,-27.0,-39.0,-41.0,-42.0,-42.0,-41.0,-27.0,-30.0,-43.0,-45.0,-45.0,-45.0,-47.0,-28.0,-31.0,-46.0,-48.0,-48.0,-48.0,-50.0,-34.0
30063,-1.0,2.0,-30.0,2.0,2.0,2.0,4.0,4.0,5.0,6.0,2.0,2.0,3.0,0.0,4.0,6.0,6.0,1.0,2.0,2.0,2.0,2.0,4.0,5.0,2.0,2.0,-2.0,-6.0,-5.0,-7.0,-20.0,-31.0,-35.0,-38.0,-38.0,-30.0,-30.0,-35.0,-41.0,-42.0,-42.0,-42.0,-39.0,-36.0,-46.0,-48.0,-49.0,-50.0,-49.0,-38.0,-37.0,-46.0,-50.0,-50.0,-51.0,-50.0,-41.0
31109,6.0,6.0,-12.0,3.0,3.0,2.0,5.0,5.0,7.0,4.0,3.0,3.0,3.0,6.0,7.0,7.0,4.0,3.0,3.0,2.0,4.0,6.0,4.0,-9.0,-9.0,-9.0,-10.0,-11.0,-3.0,-2.0,-15.0,-21.0,-25.0,-31.0,-32.0,-16.0,-23.0,-36.0,-39.0,-40.0,-41.0,-41.0,-25.0,-26.0,-43.0,-44.0,-45.0,-45.0,-46.0,-28.0,-30.0,-45.0,-47.0,-47.0,-47.0,-50.0,-30.0
29077,1.0,1.0,-15.0,0.0,4.0,3.0,6.0,4.0,4.0,3.0,1.0,4.0,3.0,6.0,5.0,4.0,3.0,2.0,6.0,5.0,6.0,4.0,4.0,2.0,2.0,5.0,4.0,-4.0,-2.0,-5.0,-17.0,-21.0,-24.0,-27.0,-29.0,-20.0,-29.0,-31.0,-36.0,-35.0,-41.0,-41.0,-33.0,-36.0,-42.0,-44.0,-42.0,-43.0,-44.0,-35.0,-37.0,-43.0,-45.0,-45.0,-44.0,-48.0,-36.0
30111,4.0,2.0,-18.0,1.0,2.0,2.0,2.0,2.0,2.0,5.0,4.0,3.0,2.0,3.0,4.0,6.0,4.0,1.0,2.0,2.0,3.0,1.0,4.0,5.0,2.0,2.0,1.0,1.0,0.0,-3.0,-10.0,-19.0,-22.0,-25.0,-27.0,-22.0,-23.0,-27.0,-30.0,-31.0,-31.0,-31.0,-31.0,-32.0,-35.0,-38.0,-40.0,-41.0,-39.0,-33.0,-30.0,-35.0,-38.0,-39.0,-39.0,-42.0,-36.0
06081,-1.0,-4.0,-56.0,-4.0,-3.0,-3.0,-3.0,2.0,1.0,3.0,2.0,2.0,1.0,2.0,2.0,1.0,2.0,1.0,0.0,-3.0,-6.0,0.0,-2.0,-11.0,-14.0,-18.0,-23.0,-26.0,-10.0,-14.0,-43.0,-62.0,-64.0,-65.0,-64.0,-41.0,-44.0,-68.0,-69.0,-68.0,-68.0,-66.0,-46.0,-46.0,-68.0,-69.0,-69.0,-69.0,-68.0,-49.0,-50.0,-71.0,-70.0,-70.0,-71.0,-70.0,-47.0
06053,-1.0,-4.0,-36.0,0.0,0.0,1.0,5.0,2.0,-3.0,6.0,2.0,2.0,2.0,5.0,1.0,-4.0,7.0,2.0,2.0,2.0,6.0,0.0,-3.0,6.0,1.0,1.0,1.0,2.0,-4.0,-10.0,-18.0,-27.0,-39.0,-40.0,-38.0,-32.0,-35.0,-42.0,-45.0,-48.0,-46.0,-43.0,-35.0,-43.0,-43.0,-47.0,-48.0,-47.0,-45.0,-35.0,-46.0,-47.0,-49.0,-48.0,-50.0,-48.0,-33.0
06111,-1.0,-3.0,-35.0,-2.0,-2.0,-2.0,-2.0,-1.0,0.0,3.0,3.0,2.0,2.0,4.0,1.0,1.0,3.0,3.0,2.0,2.0,3.0,2.0,0.0,1.0,-2.0,0.0,-1.0,-4.0,-4.0,-7.0,-24.0,-27.0,-31.0,-33.0,-40.0,-29.0,-35.0,-45.0,-47.0,-48.0,-48.0,-46.0,-33.0,-39.0,-47.0,-49.0,-49.0,-50.0,-48.0,-34.0,-39.0,-51.0,-51.0,-51.0,-55.0,-53.0,-36.0
42003,4.0,4.0,-15.0,2.0,1.0,1.0,3.0,8.0,6.0,3.0,2.0,1.0,0.0,3.0,5.0,7.0,3.0,1.0,1.0,0.0,1.0,3.0,0.0,-1.0,-3.0,-3.0,-5.0,-8.0,-3.0,-10.0,-28.0,-40.0,-44.0,-47.0,-50.0,-40.0,-38.0,-58.0,-61.0,-61.0,-61.0,-59.0,-45.0,-41.0,-61.0,-62.0,-62.0,-62.0,-60.0,-44.0,-44.0,-61.0,-63.0,-63.0,-64.0,-66.0,-45.0
42049,-1.0,2.0,-13.0,1.0,1.0,2.0,3.0,2.0,5.0,5.0,2.0,2.0,-4.0,1.0,-3.0,3.0,4.0,1.0,0.0,1.0,2.0,-1.0,1.0,2.0,-1.0,-3.0,-1.0,-1.0,-2.0,-2.0,-14.0,-24.0,-28.0,-30.0,-35.0,-33.0,-30.0,-42.0,-45.0,-47.0,-47.0,-46.0,-37.0,-32.0,-44.0,-46.0,-46.0,-47.0,-46.0,-37.0,-36.0,-44.0,-47.0,-47.0,-48.0,-59.0,-40.0
42101,3.0,0.0,-25.0,2.0,2.0,2.0,3.0,7.0,3.0,2.0,2.0,2.0,1.0,2.0,5.0,2.0,1.0,1.0,1.0,1.0,0.0,5.0,2.0,0.0,0.0,-1.0,-3.0,-11.0,-1.0,-9.0,-28.0,-39.0,-43.0,-45.0,-46.0,-32.0,-36.0,-57.0,-57.0,-58.0,-57.0,-55.0,-42.0,-42.0,-57.0,-59.0,-58.0,-59.0,-58.0,-42.0,-43.0,-59.0,-60.0,-61.0,-62.0,-64.0,-43.0
42095,1.0,0.0,-24.0,2.0,2.0,2.0,2.0,6.0,3.0,3.0,2.0,2.0,2.0,3.0,4.0,2.0,3.0,3.0,2.0,3.0,2.0,4.0,1.0,0.0,0.0,-1.0,-2.0,-5.0,-1.0,-9.0,-21.0,-30.0,-33.0,-36.0,-41.0,-28.0,-32.0,-49.0,-49.0,-51.0,-51.0,-51.0,-37.0,-39.0,-52.0,-53.0,-54.0,-55.0,-54.0,-39.0,-38.0,-54.0,-55.0,-56.0,-57.0,-63.0,-41.0
06083,-2.0,-2.0,-33.0,-3.0,-2.0,-1.0,-1.0,-1.0,2.0,6.0,1.0,1.0,1.0,2.0,2.0,1.0,7.0,1.0,1.0,1.0,2.0,1.0,1.0,5.0,-4.0,-4.0,-3.0,-6.0,-5.0,-8.0,-23.0,-31.0,-33.0,-35.0,-41.0,-31.0,-40.0,-44.0,-49.0,-48.0,-49.0,-46.0,-34.0,-40.0,-44.0,-49.0,-49.0,-49.0,-47.0,-35.0,-45.0,-48.0,-50.0,-51.0,-54.0,-49.0,-36.0
39049,-1.0,0.0,-22.0,1.0,1.0,1.0,3.0,4.0,3.0,1.0,1.0,1.0,-4.0,1.0,2.0,2.0,2.0,2.0,2.0,1.0,1.0,3.0,1.0,-1.0,-2.0,-1.0,-3.0,-6.0,-5.0,-10.0,-25.0,-33.0,-37.0,-41.0,-44.0,-28.0,-32.0,-49.0,-55.0,-55.0,-56.0,-55.0,-39.0,-40.0,-56.0,-57.0,-57.0,-57.0,-56.0,-38.0,-42.0,-57.0,-58.0,-58.0,-58.0,-59.0,-40.0
39113,0.0,2.0,-21.0,2.0,3.0,1.0,3.0,3.0,4.0,3.0,1.0,2.0,-3.0,2.0,2.0,4.0,3.0,2.0,2.0,2.0,3.0,5.0,4.0,3.0,1.0,0.0,0.0,-4.0,-6.0,-7.0,-15.0,-24.0,-28.0,-31.0,-34.0,-27.0,-29.0,-37.0,-47.0,-48.0,-48.0,-48.0,-36.0,-36.0,-48.0,-50.0,-49.0,-50.0,-49.0,-36.0,-40.0,-48.0,-50.0,-50.0,-51.0,-54.0,-37.0
40109,1.0,-1.0,-20.0,1.0,3.0,2.0,3.0,3.0,-1.0,2.0,2.0,3.0,4.0,4.0,4.0,2.0,3.0,3.0,4.0,4.0,4.0,4.0,0.0,1.0,2.0,4.0,2.0,-8.0,-2.0,-5.0,-18.0,-23.0,-27.0,-30.0,-32.0,-21.0,-29.0,-33.0,-36.0,-37.0,-41.0,-42.0,-30.0,-35.0,-44.0,-45.0,-44.0,-45.0,-46.0,-35.0,-37.0,-45.0,-46.0,-46.0,-46.0,-49.0,-35.0
39099,0.0,-3.0,-18.0,1.0,2.0,2.0,4.0,3.0,1.0,3.0,1.0,0.0,1.0,2.0,2.0,1.0,3.0,2.0,1.0,2.0,1.0,5.0,3.0,2.0,-1.0,0.0,-1.0,-8.0,-4.0,-8.0,-14.0,-22.0,-24.0,-29.0,-30.0,-24.0,-28.0,-35.0,-44.0,-44.0,-45.0,-44.0,-36.0,-36.0,-45.0,-46.0,-47.0,-48.0,-47.0,-36.0,-38.0,-45.0,-46.0,-46.0,-48.0,-53.0,-38.0
40143,0.0,1.0,-15.0,-2.0,3.0,1.0,4.0,0.0,-1.0,3.0,3.0,3.0,2.0,3.0,2.0,2.0,4.0,3.0,4.0,2.0,3.0,2.0,1.0,2.0,3.0,3.0,0.0,-5.0,-5.0,-5.0,-17.0,-22.0,-26.0,-32.0,-33.0,-23.0,-31.0,-33.0,-36.0,-36.0,-40.0,-40.0,-32.0,-36.0,-41.0,-42.0,-42.0,-44.0,-45.0,-36.0,-38.0,-43.0,-44.0,-45.0,-46.0,-51.0,-36.0
39095,5.0,6.0,-15.0,0.0,2.0,3.0,3.0,8.0,6.0,2.0,0.0,-4.0,-13.0,1.0,4.0,6.0,3.0,2.0,1.0,4.0,3.0,11.0,6.0,2.0,0.0,0.0,2.0,-1.0,4.0,-1.0,-13.0,-21.0,-25.0,-29.0,-33.0,-24.0,-26.0,-39.0,-48.0,-48.0,-49.0,-50.0,-36.0,-35.0,-49.0,-51.0,-51.0,-50.0,-51.0,-36.0,-36.0,-50.0,-52.0,-52.0,-53.0,-56.0,-38.0
06097,-1.0,1.0,-38.0,2.0,2.0,2.0,2.0,2.0,4.0,3.0,4.0,3.0,2.0,3.0,4.0,3.0,3.0,4.0,2.0,2.0,1.0,1.0,1.0,3.0,3.0,1.0,-1.0,-2.0,-5.0,-6.0,-20.0,-29.0,-42.0,-43.0,-43.0,-35.0,-37.0,-44.0,-48.0,-47.0,-47.0,-46.0,-39.0,-41.0,-46.0,-47.0,-47.0,-49.0,-47.0,-42.0,-43.0,-48.0,-49.0,-49.0,-50.0,-50.0,-41.0
06077,-2.0,0.0,-39.0,1.0,2.0,1.0,3.0,2.0,4.0,9.0,3.0,3.0,2.0,4.0,3.0,5.0,9.0,3.0,3.0,2.0,2.0,0.0,2.0,5.0,-1.0,-2.0,-3.0,-3.0,-2.0,-5.0,-18.0,-29.0,-31.0,-33.0,-36.0,-24.0,-25.0,-36.0,-41.0,-41.0,-42.0,-41.0,-30.0,-30.0,-39.0,-43.0,-43.0,-44.0,-42.0,-32.0,-36.0,-41.0,-44.0,-45.0,-46.0,-46.0,-31.0
06099,-2.0,-3.0,-40.0,0.0,0.0,0.0,2.0,2.0,2.0,4.0,3.0,2.0,2.0,3.0,3.0,2.0,4.0,2.0,2.0,2.0,3.0,2.0,1.0,3.0,2.0,1.0,0.0,0.0,-1.0,-7.0,-9.0,-16.0,-20.0,-28.0,-32.0,-24.0,-26.0,-37.0,-39.0,-40.0,-40.0,-39.0,-28.0,-29.0,-38.0,-40.0,-40.0,-41.0,-40.0,-29.0,-35.0,-41.0,-42.0,-42.0,-43.0,-47.0,-32.0
06095,-2.0,0.0,-46.0,-2.0,-1.0,-1.0,2.0,3.0,1.0,3.0,4.0,2.0,2.0,4.0,3.0,2.0,3.0,3.0,2.0,2.0,3.0,1.0,1.0,2.0,2.0,1.0,0.0,0.0,-5.0,-8.0,-19.0,-29.0,-33.0,-37.0,-39.0,-28.0,-31.0,-42.0,-44.0,-45.0,-44.0,-42.0,-31.0,-34.0,-43.0,-45.0,-45.0,-45.0,-44.0,-35.0,-36.0,-46.0,-46.0,-47.0,-47.0,-47.0,-35.0
08059,2.0,0.0,-25.0,2.0,1.0,1.0,2.0,4.0,-1.0,5.0,2.0,2.0,2.0,3.0,6.0,2.0,5.0,4.0,2.0,2.0,1.0,5.0,0.0,4.0,2.0,0.0,-2.0,-6.0,-4.0,-10.0,-26.0,-38.0,-42.0,-52.0,-52.0,-32.0,-36.0,-48.0,-53.0,-55.0,-59.0,-58.0,-43.0,-43.0,-56.0,-58.0,-59.0,-61.0,-59.0,-43.0,-44.0,-57.0,-60.0,-60.0,-60.0,-59.0,-41.0
08005,1.0,1.0,-20.0,-3.0,1.0,1.0,4.0,4.0,-2.0,9.0,2.0,3.0,3.0,2.0,4.0,2.0,8.0,4.0,3.0,1.0,0.0,3.0,2.0,8.0,2.0,1.0,-1.0,-11.0,-4.0,-9.0,-22.0,-34.0,-38.0,-48.0,-49.0,-29.0,-32.0,-42.0,-48.0,-50.0,-54.0,-53.0,-40.0,-40.0,-52.0,-55.0,-56.0,-57.0,-56.0,-41.0,-42.0,-53.0,-57.0,-57.0,-57.0,-57.0,-41.0
08031,1.0,0.0,-20.0,1.0,0.0,0.0,2.0,4.0,-1.0,9.0,2.0,2.0,2.0,3.0,3.0,2.0,7.0,3.0,2.0,2.0,1.0,2.0,2.0,9.0,2.0,0.0,-4.0,-10.0,-4.0,-9.0,-24.0,-38.0,-43.0,-52.0,-53.0,-34.0,-35.0,-46.0,-52.0,-57.0,-58.0,-58.0,-45.0,-43.0,-56.0,-59.0,-59.0,-62.0,-60.0,-44.0,-45.0,-56.0,-60.0,-60.0,-61.0,-60.0,-45.0
08123,3.0,0.0,-18.0,1.0,1.0,1.0,3.0,8.0,1.0,13.0,2.0,4.0,2.0,3.0,4.0,3.0,12.0,3.0,3.0,2.0,3.0,4.0,3.0,12.0,3.0,2.0,0.0,-8.0,-2.0,-8.0,-16.0,-30.0,-33.0,-42.0,-44.0,-21.0,-26.0,-30.0,-40.0,-42.0,-46.0,-46.0,-33.0,-33.0,-39.0,-47.0,-47.0,-50.0,-48.0,-30.0,-32.0,-41.0,-49.0,-49.0,-49.0,-51.0,-33.0
37119,0.0,0.0,-12.0,2.0,2.0,-3.0,-12.0,4.0,2.0,4.0,2.0,3.0,3.0,1.0,3.0,2.0,2.0,0.0,1.0,1.0,1.0,3.0,0.0,2.0,1.0,0.0,-1.0,-5.0,-2.0,-10.0,-19.0,-28.0,-34.0,-37.0,-38.0,-24.0,-33.0,-45.0,-46.0,-47.0,-54.0,-53.0,-38.0,-43.0,-53.0,-56.0,-56.0,-55.0,-54.0,-39.0,-43.0,-55.0,-57.0,-57.0,-57.0,-64.0,-43.0
36067,0.0,5.0,-25.0,-12.0,-12.0,-13.0,-11.0,1.0,6.0,3.0,4.0,3.0,1.0,3.0,3.0,7.0,3.0,3.0,2.0,3.0,3.0,5.0,8.0,2.0,2.0,-4.0,2.0,-1.0,-3.0,-1.0,-9.0,-26.0,-33.0,-36.0,-38.0,-27.0,-31.0,-50.0,-52.0,-52.0,-52.0,-51.0,-38.0,-36.0,-53.0,-54.0,-54.0,-54.0,-53.0,-40.0,-38.0,-54.0,-55.0,-56.0,-56.0,-58.0,-40.0
37021,4.0,1.0,-3.0,3.0,2.0,-20.0,-11.0,4.0,3.0,2.0,4.0,3.0,-6.0,3.0,-4.0,3.0,3.0,2.0,3.0,2.0,2.0,4.0,3.0,0.0,1.0,0.0,-1.0,-2.0,0.0,-8.0,-15.0,-20.0,-27.0,-28.0,-31.0,-28.0,-38.0,-36.0,-37.0,-39.0,-41.0,-45.0,-41.0,-45.0,-46.0,-48.0,-48.0,-48.0,-47.0,-43.0,-47.0,-48.0,-47.0,-49.0,-50.0,-57.0,-43.0
37183,1.0,0.0,-19.0,-5.0,2.0,-7.0,-33.0,2.0,3.0,4.0,3.0,3.0,3.0,3.0,3.0,4.0,4.0,3.0,2.0,2.0,1.0,2.0,1.0,-8.0,-1.0,-3.0,-6.0,-11.0,-2.0,-13.0,-31.0,-38.0,-43.0,-45.0,-46.0,-25.0,-33.0,-51.0,-53.0,-54.0,-55.0,-56.0,-37.0,-43.0,-59.0,-60.0,-61.0,-61.0,-59.0,-39.0,-45.0,-61.0,-62.0,-62.0,-62.0,-67.0,-40.0
36093,-4.0,-1.0,-36.0,-13.0,-12.0,-12.0,-12.0,-1.0,1.0,4.0,3.0,4.0,3.0,4.0,1.0,6.0,4.0,4.0,3.0,5.0,5.0,2.0,2.0,3.0,3.0,2.0,2.0,-3.0,-3.0,-3.0,-19.0,-30.0,-35.0,-38.0,-41.0,-25.0,-27.0,-49.0,-51.0,-50.0,-50.0,-50.0,-34.0,-31.0,-51.0,-52.0,-52.0,-53.0,-52.0,-34.0,-34.0,-53.0,-54.0,-54.0,-54.0,-55.0,-34.0
37037,6.0,3.0,-6.0,2.0,4.0,-17.0,-31.0,1.0,7.0,4.0,3.0,4.0,2.0,2.0,1.0,4.0,4.0,-3.0,2.0,0.0,0.0,8.0,-3.0,2.0,1.0,-2.0,-4.0,-6.0,-1.0,-12.0,-19.0,-26.0,-30.0,-32.0,-35.0,-23.0,-33.0,-39.0,-39.0,-41.0,-41.0,-42.0,-27.0,-35.0,-45.0,-48.0,-47.0,-48.0,-45.0,-28.0,-35.0,-47.0,-48.0,-48.0,-50.0,-59.0,-29.0
08069,2.0,2.0,-16.0,4.0,0.0,1.0,4.0,4.0,2.0,8.0,4.0,2.0,1.0,1.0,3.0,2.0,6.0,6.0,2.0,3.0,5.0,3.0,3.0,9.0,4.0,1.0,0.0,-3.0,-5.0,-10.0,-23.0,-34.0,-39.0,-46.0,-46.0,-29.0,-32.0,-41.0,-46.0,-49.0,-52.0,-54.0,-40.0,-38.0,-50.0,-53.0,-54.0,-56.0,-54.0,-40.0,-40.0,-51.0,-54.0,-55.0,-56.0,-56.0,-39.0
08101,0.0,2.0,-10.0,-2.0,1.0,-4.0,3.0,2.0,2.0,4.0,1.0,4.0,3.0,3.0,2.0,3.0,4.0,3.0,3.0,0.0,3.0,1.0,1.0,3.0,2.0,3.0,1.0,-3.0,-2.0,-5.0,-14.0,-22.0,-23.0,-28.0,-19.0,-16.0,-20.0,-32.0,-35.0,-36.0,-42.0,-33.0,-28.0,-29.0,-40.0,-40.0,-41.0,-42.0,-34.0,-30.0,-27.0,-40.0,-42.0,-43.0,-44.0,-36.0,-28.0
42077,1.0,1.0,-20.0,2.0,2.0,2.0,3.0,5.0,2.0,5.0,3.0,1.0,1.0,3.0,3.0,3.0,3.0,2.0,2.0,2.0,2.0,2.0,2.0,2.0,0.0,0.0,-7.0,-12.0,-1.0,-5.0,-19.0,-29.0,-32.0,-34.0,-38.0,-26.0,-29.0,-47.0,-48.0,-49.0,-50.0,-50.0,-38.0,-37.0,-50.0,-52.0,-52.0,-53.0,-53.0,-40.0,-37.0,-52.0,-55.0,-55.0,-56.0,-62.0,-41.0
09001,-1.0,-1.0,-37.0,-6.0,-1.0,0.0,0.0,4.0,2.0,3.0,2.0,0.0,2.0,3.0,2.0,2.0,3.0,2.0,1.0,2.0,1.0,3.0,0.0,1.0,0.0,-4.0,-8.0,-19.0,-4.0,-10.0,-29.0,-37.0,-39.0,-42.0,-42.0,-28.0,-34.0,-52.0,-53.0,-55.0,-54.0,-53.0,-40.0,-44.0,-56.0,-57.0,-58.0,-58.0,-58.0,-43.0,-44.0,-58.0,-59.0,-61.0,-62.0,-65.0,-45.0
09003,-1.0,1.0,-27.0,-9.0,1.0,2.0,1.0,2.0,3.0,3.0,3.0,1.0,2.0,2.0,2.0,3.0,4.0,3.0,2.0,3.0,2.0,2.0,2.0,2.0,2.0,0.0,0.0,-8.0,-2.0,-6.0,-23.0,-30.0,-34.0,-36.0,-37.0,-25.0,-26.0,-44.0,-47.0,-49.0,-48.0,-48.0,-34.0,-35.0,-49.0,-50.0,-51.0,-51.0,-51.0,-36.0,-36.0,-51.0,-53.0,-53.0,-54.0,-62.0,-39.0
40027,3.0,1.0,-23.0,1.0,2.0,2.0,4.0,3.0,2.0,2.0,2.0,2.0,3.0,5.0,6.0,2.0,2.0,2.0,3.0,3.0,5.0,6.0,0.0,2.0,2.0,2.0,1.0,-9.0,-2.0,-6.0,-25.0,-30.0,-34.0,-37.0,-37.0,-24.0,-34.0,-40.0,-42.0,-44.0,-47.0,-46.0,-33.0,-39.0,-51.0,-51.0,-50.0,-51.0,-50.0,-37.0,-42.0,-52.0,-52.0,-52.0,-52.0,-53.0,-37.0
40145,0.0,0.0,-12.0,1.0,3.0,1.0,4.0,3.0,-3.0,2.0,2.0,4.0,2.0,4.0,6.0,-1.0,3.0,3.0,3.0,3.0,3.0,2.0,-2.0,2.0,2.0,3.0,2.0,-3.0,-4.0,-12.0,-17.0,-21.0,-25.0,-29.0,-29.0,-18.0,-28.0,-29.0,-33.0,-35.0,-36.0,-37.0,-26.0,-35.0,-37.0,-39.0,-39.0,-41.0,-41.0,-30.0,-40.0,-39.0,-42.0,-42.0,-43.0,-49.0,-34.0
10003,2.0,1.0,-27.0,2.0,2.0,2.0,3.0,5.0,1.0,3.0,2.0,2.0,1.0,2.0,6.0,4.0,3.0,3.0,1.0,1.0,1.0,5.0,2.0,1.0,1.0,0.0,-3.0,-7.0,0.0,-9.0,-23.0,-32.0,-36.0,-39.0,-40.0,-25.0,-30.0,-45.0,-49.0,-51.0,-50.0,-50.0,-36.0,-37.0,-50.0,-52.0,-52.0,-53.0,-52.0,-38.0,-38.0,-53.0,-55.0,-55.0,-56.0,-61.0,-39.0
11001,-2.0,0.0,-52.0,-5.0,-5.0,-5.0,-5.0,2.0,3.0,5.0,2.0,1.0,0.0,1.0,1.0,2.0,5.0,3.0,1.0,1.0,0.0,0.0,1.0,1.0,-1.0,-5.0,-9.0,-15.0,-9.0,-17.0,-40.0,-52.0,-56.0,-58.0,-56.0,-38.0,-42.0,-63.0,-64.0,-67.0,-66.0,-64.0,-47.0,-47.0,-65.0,-69.0,-70.0,-70.0,-67.0,-48.0,-49.0,-68.0,-71.0,-71.0,-71.0,-70.0,-48.0
12099,-1.0,-1.0,-9.0,2.0,2.0,1.0,1.0,1.0,1.0,2.0,2.0,2.0,1.0,-7.0,2.0,1.0,1.0,1.0,0.0,0.0,1.0,2.0,-1.0,0.0,0.0,0.0,-1.0,-1.0,-1.0,-6.0,-17.0,-21.0,-24.0,-27.0,-29.0,-26.0,-32.0,-37.0,-39.0,-41.0,-42.0,-43.0,-36.0,-40.0,-43.0,-45.0,-45.0,-47.0,-47.0,-41.0,-44.0,-48.0,-48.0,-49.0,-50.0,-52.0,-41.0
37129,1.0,1.0,0.0,2.0,0.0,-1.0,-12.0,3.0,6.0,7.0,2.0,3.0,2.0,3.0,3.0,3.0,7.0,-3.0,2.0,-2.0,3.0,2.0,3.0,3.0,-1.0,0.0,-1.0,0.0,1.0,-8.0,-7.0,-18.0,-21.0,-25.0,-27.0,-23.0,-31.0,-30.0,-37.0,-36.0,-37.0,-36.0,-31.0,-34.0,-35.0,-43.0,-44.0,-44.0,-43.0,-38.0,-41.0,-42.0,-47.0,-47.0,-47.0,-55.0,-39.0
37063,1.0,1.0,-8.0,4.0,2.0,-14.0,-29.0,1.0,1.0,4.0,3.0,3.0,2.0,1.0,3.0,1.0,3.0,2.0,2.0,1.0,1.0,2.0,-2.0,-1.0,-2.0,-6.0,-8.0,-12.0,-5.0,-16.0,-27.0,-33.0,-38.0,-41.0,-42.0,-27.0,-35.0,-48.0,-49.0,-51.0,-53.0,-53.0,-37.0,-43.0,-55.0,-57.0,-57.0,-56.0,-56.0,-40.0,-45.0,-57.0,-58.0,-59.0,-59.0,-63.0,-41.0
37081,-1.0,0.0,-5.0,3.0,1.0,-4.0,-16.0,3.0,4.0,5.0,4.0,2.0,3.0,2.0,2.0,3.0,2.0,1.0,0.0,0.0,0.0,1.0,2.0,3.0,2.0,0.0,0.0,-1.0,0.0,-9.0,-12.0,-19.0,-25.0,-27.0,-29.0,-20.0,-29.0,-33.0,-35.0,-38.0,-39.0,-41.0,-34.0,-39.0,-43.0,-46.0,-47.0,-46.0,-46.0,-35.0,-39.0,-46.0,-48.0,-50.0,-49.0,-62.0,-40.0
37133,-4.0,-5.0,-38.0,-13.0,4.0,-1.0,-42.0,1.0,4.0,3.0,3.0,3.0,1.0,2.0,5.0,1.0,3.0,3.0,4.0,0.0,0.0,2.0,2.0,1.0,2.0,3.0,-1.0,1.0,2.0,-6.0,-10.0,-12.0,-13.0,-16.0,-18.0,-14.0,-24.0,-21.0,-24.0,-25.0,-26.0,-28.0,-22.0,-29.0,-30.0,-35.0,-36.0,-37.0,-37.0,-28.0,-35.0,-39.0,-40.0,-40.0,-41.0,-49.0,-29.0
37067,1.0,0.0,-6.0,1.0,0.0,-3.0,-15.0,5.0,3.0,3.0,2.0,2.0,3.0,2.0,3.0,2.0,1.0,1.0,2.0,2.0,2.0,2.0,0.0,0.0,0.0,0.0,0.0,-3.0,0.0,-10.0,-14.0,-19.0,-24.0,-26.0,-29.0,-18.0,-30.0,-34.0,-36.0,-37.0,-38.0,-39.0,-32.0,-39.0,-43.0,-45.0,-45.0,-45.0,-45.0,-33.0,-40.0,-45.0,-46.0,-47.0,-47.0,-61.0,-38.0
37051,-5.0,-4.0,-26.0,-7.0,1.0,-4.0,-11.0,-2.0,-2.0,5.0,0.0,1.0,1.0,0.0,-1.0,-1.0,5.0,0.0,1.0,0.0,0.0,-1.0,-2.0,3.0,-1.0,-2.0,-1.0,-3.0,-1.0,-9.0,-15.0,-17.0,-22.0,-24.0,-26.0,-21.0,-29.0,-33.0,-37.0,-38.0,-39.0,-40.0,-28.0,-34.0,-39.0,-44.0,-45.0,-45.0,-44.0,-35.0,-38.0,-43.0,-46.0,-46.0,-45.0,-54.0,-34.0
37071,-1.0,-1.0,-12.0,3.0,2.0,-3.0,-2.0,2.0,-1.0,3.0,4.0,2.0,1.0,3.0,2.0,1.0,2.0,2.0,2.0,2.0,3.0,3.0,-2.0,2.0,3.0,1.0,-1.0,-5.0,1.0,-8.0,-9.0,-13.0,-18.0,-20.0,-22.0,-17.0,-25.0,-25.0,-26.0,-28.0,-32.0,-34.0,-27.0,-33.0,-37.0,-38.0,-39.0,-40.0,-40.0,-29.0,-37.0,-39.0,-40.0,-42.0,-43.0,-57.0,-33.0
37025,1.0,-1.0,-15.0,3.0,1.0,-4.0,-14.0,2.0,4.0,5.0,3.0,3.0,2.0,2.0,4.0,4.0,4.0,-5.0,2.0,1.0,2.0,5.0,1.0,3.0,1.0,0.0,-1.0,-4.0,0.0,-10.0,-14.0,-23.0,-28.0,-30.0,-31.0,-17.0,-31.0,-35.0,-37.0,-38.0,-43.0,-45.0,-32.0,-41.0,-46.0,-48.0,-48.0,-49.0,-48.0,-35.0,-41.0,-48.0,-49.0,-50.0,-50.0,-60.0,-38.0
37147,-1.0,2.0,-3.0,2.0,1.0,-3.0,-30.0,3.0,5.0,-2.0,4.0,4.0,2.0,4.0,5.0,2.0,4.0,4.0,5.0,4.0,3.0,1.0,1.0,-2.0,-3.0,-1.0,-2.0,-1.0,2.0,-6.0,-10.0,-14.0,-16.0,-18.0,-22.0,-20.0,-27.0,-29.0,-30.0,-32.0,-35.0,-35.0,-28.0,-32.0,-36.0,-39.0,-39.0,-38.0,-39.0,-29.0,-35.0,-39.0,-41.0,-41.0,-42.0,-54.0,-33.0
37057,-2.0,-2.0,-2.0,2.0,3.0,-2.0,-13.0,3.0,0.0,4.0,3.0,3.0,3.0,2.0,5.0,2.0,4.0,3.0,3.0,3.0,2.0,3.0,0.0,4.0,2.0,3.0,1.0,-1.0,1.0,-8.0,-6.0,-10.0,-14.0,-16.0,-20.0,-13.0,-24.0,-21.0,-23.0,-24.0,-26.0,-28.0,-24.0,-31.0,-29.0,-34.0,-36.0,-36.0,-37.0,-28.0,-33.0,-35.0,-37.0,-38.0,-40.0,-57.0,-35.0
12103,1.0,0.0,-16.0,1.0,2.0,1.0,0.0,2.0,2.0,3.0,2.0,1.0,1.0,1.0,3.0,2.0,3.0,2.0,2.0,1.0,1.0,2.0,0.0,1.0,0.0,0.0,-1.0,-3.0,-1.0,-5.0,-17.0,-22.0,-26.0,-29.0,-31.0,-25.0,-31.0,-34.0,-38.0,-39.0,-42.0,-43.0,-36.0,-39.0,-44.0,-46.0,-46.0,-47.0,-48.0,-40.0,-44.0,-47.0,-49.0,-49.0,-50.0,-52.0,-39.0
12011,-2.0,-2.0,-22.0,1.0,1.0,1.0,2.0,0.0,0.0,2.0,2.0,1.0,1.0,2.0,1.0,1.0,2.0,1.0,1.0,1.0,2.0,2.0,-1.0,1.0,0.0,0.0,0.0,-1.0,-2.0,-6.0,-18.0,-24.0,-28.0,-31.0,-33.0,-28.0,-33.0,-42.0,-45.0,-46.0,-47.0,-47.0,-39.0,-42.0,-48.0,-49.0,-50.0,-51.0,-51.0,-43.0,-45.0,-51.0,-53.0,-53.0,-54.0,-56.0,-43.0
12127,0.0,-2.0,-17.0,1.0,1.0,1.0,-2.0,1.0,0.0,2.0,2.0,2.0,1.0,1.0,2.0,1.0,2.0,1.0,2.0,0.0,0.0,1.0,0.0,-1.0,-1.0,-1.0,-4.0,-13.0,-2.0,-6.0,-19.0,-22.0,-25.0,-28.0,-30.0,-23.0,-32.0,-33.0,-36.0,-36.0,-38.0,-39.0,-31.0,-38.0,-40.0,-41.0,-41.0,-43.0,-46.0,-39.0,-46.0,-45.0,-46.0,-46.0,-47.0,-50.0,-38.0
12001,0.0,-3.0,-16.0,2.0,1.0,2.0,0.0,0.0,1.0,2.0,0.0,1.0,1.0,-1.0,0.0,-3.0,-4.0,-5.0,-5.0,-5.0,-4.0,0.0,-2.0,0.0,0.0,-1.0,-1.0,-4.0,-3.0,-7.0,-19.0,-23.0,-28.0,-31.0,-33.0,-20.0,-29.0,-41.0,-46.0,-48.0,-48.0,-48.0,-32.0,-37.0,-46.0,-48.0,-47.0,-47.0,-49.0,-35.0,-40.0,-49.0,-50.0,-51.0,-49.0,-51.0,-32.0
12086,-2.0,-1.0,-22.0,2.0,2.0,2.0,3.0,2.0,1.0,2.0,2.0,2.0,2.0,3.0,2.0,1.0,3.0,2.0,3.0,2.0,3.0,2.0,-1.0,2.0,1.0,1.0,0.0,0.0,-2.0,-6.0,-16.0,-22.0,-27.0,-30.0,-33.0,-32.0,-37.0,-42.0,-45.0,-47.0,-48.0,-48.0,-43.0,-46.0,-48.0,-50.0,-50.0,-51.0,-51.0,-47.0,-48.0,-52.0,-53.0,-53.0,-54.0,-58.0,-48.0
12031,-1.0,-1.0,-25.0,1.0,2.0,1.0,0.0,1.0,2.0,3.0,0.0,1.0,2.0,2.0,3.0,3.0,3.0,3.0,2.0,1.0,0.0,1.0,1.0,-11.0,-11.0,-12.0,-13.0,-15.0,-2.0,-5.0,-17.0,-22.0,-25.0,-27.0,-29.0,-18.0,-26.0,-33.0,-37.0,-39.0,-40.0,-40.0,-27.0,-33.0,-41.0,-43.0,-43.0,-44.0,-46.0,-33.0,-39.0,-46.0,-47.0,-48.0,-48.0,-52.0,-35.0
39153,0.0,0.0,-17.0,0.0,1.0,1.0,3.0,2.0,3.0,3.0,0.0,1.0,-1.0,2.0,1.0,3.0,2.0,1.0,1.0,1.0,2.0,1.0,2.0,1.0,0.0,-1.0,-2.0,-5.0,-3.0,-6.0,-19.0,-27.0,-30.0,-33.0,-35.0,-27.0,-29.0,-40.0,-49.0,-49.0,-50.0,-48.0,-39.0,-36.0,-49.0,-51.0,-51.0,-51.0,-49.0,-37.0,-37.0,-50.0,-51.0,-52.0,-52.0,-57.0,-39.0
39035,-1.0,0.0,-21.0,1.0,2.0,2.0,3.0,3.0,3.0,3.0,2.0,2.0,-1.0,1.0,1.0,3.0,2.0,2.0,1.0,3.0,2.0,3.0,3.0,0.0,-2.0,-2.0,-2.0,-7.0,-6.0,-8.0,-21.0,-30.0,-33.0,-35.0,-37.0,-30.0,-30.0,-42.0,-50.0,-49.0,-50.0,-49.0,-38.0,-36.0,-50.0,-51.0,-51.0,-51.0,-50.0,-38.0,-39.0,-50.0,-52.0,-52.0,-53.0,-58.0,-40.0
38017,1.0,3.0,-18.0,-3.0,1.0,2.0,6.0,4.0,5.0,5.0,2.0,1.0,2.0,7.0,3.0,9.0,5.0,2.0,2.0,2.0,5.0,5.0,6.0,4.0,0.0,0.0,-1.0,-1.0,2.0,0.0,-13.0,-18.0,-23.0,-28.0,-29.0,-25.0,-25.0,-32.0,-36.0,-37.0,-37.0,-35.0,-28.0,-30.0,-38.0,-41.0,-42.0,-45.0,-46.0,-31.0,-30.0,-40.0,-43.0,-43.0,-44.0,-49.0,-32.0
39041,0.0,4.0,-31.0,2.0,2.0,2.0,2.0,7.0,5.0,3.0,2.0,0.0,-13.0,2.0,5.0,4.0,2.0,2.0,1.0,2.0,-1.0,4.0,1.0,-1.0,-2.0,-1.0,-3.0,-12.0,-4.0,-8.0,-32.0,-43.0,-46.0,-50.0,-52.0,-29.0,-35.0,-58.0,-65.0,-65.0,-65.0,-64.0,-41.0,-43.0,-66.0,-66.0,-67.0,-67.0,-66.0,-41.0,-44.0,-65.0,-67.0,-67.0,-66.0,-68.0,-41.0
39061,0.0,0.0,-19.0,1.0,1.0,1.0,2.0,4.0,2.0,5.0,1.0,1.0,1.0,1.0,1.0,3.0,5.0,2.0,1.0,2.0,1.0,4.0,1.0,4.0,0.0,0.0,-1.0,-7.0,-6.0,-9.0,-21.0,-30.0,-34.0,-37.0,-38.0,-27.0,-31.0,-41.0,-51.0,-51.0,-52.0,-51.0,-36.0,-37.0,-50.0,-53.0,-53.0,-53.0,-52.0,-36.0,-40.0,-50.0,-53.0,-54.0,-54.0,-57.0,-38.0
39045,2.0,3.0,-20.0,-1.0,4.0,3.0,3.0,8.0,7.0,4.0,2.0,4.0,0.0,-2.0,6.0,6.0,5.0,3.0,4.0,2.0,2.0,7.0,5.0,3.0,2.0,3.0,1.0,-1.0,1.0,-5.0,-18.0,-27.0,-30.0,-34.0,-36.0,-19.0,-26.0,-40.0,-48.0,-47.0,-50.0,-47.0,-30.0,-36.0,-49.0,-50.0,-50.0,-51.0,-49.0,-29.0,-35.0,-49.0,-51.0,-50.0,-52.0,-53.0,-29.0
39151,1.0,-1.0,-16.0,1.0,2.0,2.0,2.0,3.0,1.0,3.0,2.0,2.0,0.0,2.0,3.0,3.0,2.0,2.0,2.0,2.0,3.0,2.0,0.0,1.0,0.0,1.0,-1.0,-3.0,-2.0,-8.0,-16.0,-21.0,-23.0,-27.0,-28.0,-24.0,-26.0,-34.0,-42.0,-42.0,-43.0,-43.0,-34.0,-32.0,-42.0,-43.0,-43.0,-44.0,-43.0,-34.0,-36.0,-44.0,-45.0,-45.0,-46.0,-52.0,-35.0
12009,1.0,-1.0,-10.0,2.0,1.0,1.0,0.0,2.0,1.0,2.0,3.0,2.0,1.0,1.0,3.0,1.0,2.0,2.0,1.0,2.0,1.0,1.0,-1.0,0.0,1.0,0.0,0.0,-2.0,1.0,-5.0,-18.0,-21.0,-26.0,-29.0,-30.0,-25.0,-33.0,-34.0,-36.0,-38.0,-39.0,-39.0,-32.0,-38.0,-40.0,-41.0,-42.0,-42.0,-45.0,-38.0,-45.0,-47.0,-48.0,-48.0,-49.0,-51.0,-38.0
12095,1.0,0.0,-17.0,2.0,2.0,2.0,0.0,3.0,1.0,3.0,3.0,3.0,2.0,2.0,3.0,2.0,2.0,2.0,2.0,1.0,2.0,3.0,-1.0,-1.0,0.0,-1.0,-3.0,-13.0,-3.0,-9.0,-24.0,-29.0,-33.0,-36.0,-39.0,-34.0,-41.0,-42.0,-45.0,-45.0,-48.0,-54.0,-49.0,-53.0,-54.0,-55.0,-55.0,-56.0,-56.0,-50.0,-56.0,-56.0,-57.0,-57.0,-58.0,-59.0,-50.0
12035,0.0,-2.0,-19.0,2.0,2.0,0.0,-2.0,1.0,-1.0,3.0,4.0,2.0,1.0,0.0,3.0,1.0,3.0,4.0,4.0,1.0,1.0,2.0,0.0,2.0,4.0,2.0,-1.0,-11.0,0.0,-7.0,-16.0,-19.0,-22.0,-26.0,-28.0,-24.0,-30.0,-30.0,-35.0,-36.0,-37.0,-37.0,-34.0,-40.0,-39.0,-39.0,-41.0,-42.0,-45.0,-40.0,-47.0,-43.0,-44.0,-44.0,-45.0,-50.0,-39.0
12073,2.0,-2.0,-12.0,1.0,1.0,2.0,1.0,4.0,3.0,2.0,2.0,-1.0,1.0,1.0,3.0,5.0,2.0,1.0,1.0,1.0,2.0,5.0,4.0,1.0,1.0,0.0,-1.0,-3.0,-1.0,-8.0,-21.0,-25.0,-28.0,-31.0,-35.0,-22.0,-27.0,-38.0,-42.0,-43.0,-44.0,-43.0,-28.0,-36.0,-44.0,-47.0,-47.0,-48.0,-50.0,-34.0,-40.0,-53.0,-54.0,-55.0,-54.0,-55.0,-34.0
40031,1.0,2.0,-38.0,0.0,1.0,1.0,-1.0,-1.0,-4.0,1.0,1.0,2.0,2.0,0.0,2.0,3.0,2.0,2.0,2.0,3.0,2.0,5.0,3.0,1.0,1.0,2.0,1.0,-13.0,-2.0,-5.0,-19.0,-20.0,-24.0,-26.0,-28.0,-17.0,-25.0,-29.0,-32.0,-34.0,-38.0,-42.0,-28.0,-38.0,-42.0,-42.0,-44.0,-45.0,-47.0,-32.0,-39.0,-44.0,-45.0,-46.0,-46.0,-49.0,-36.0
40017,0.0,-3.0,-22.0,1.0,2.0,1.0,2.0,5.0,-3.0,2.0,3.0,3.0,3.0,0.0,4.0,2.0,2.0,2.0,3.0,2.0,2.0,6.0,0.0,3.0,1.0,3.0,1.0,-12.0,-3.0,-6.0,-21.0,-26.0,-30.0,-33.0,-34.0,-16.0,-31.0,-36.0,-38.0,-39.0,-44.0,-44.0,-29.0,-37.0,-47.0,-47.0,-46.0,-48.0,-48.0,-31.0,-39.0,-48.0,-49.0,-48.0,-50.0,-54.0,-35.0
40125,8.0,-3.0,-21.0,2.0,4.0,2.0,2.0,7.0,0.0,3.0,3.0,4.0,3.0,7.0,11.0,9.0,4.0,4.0,5.0,5.0,6.0,7.0,5.0,3.0,4.0,6.0,2.0,-8.0,1.0,-2.0,-16.0,-18.0,-20.0,-24.0,-24.0,-19.0,-29.0,-29.0,-33.0,-32.0,-37.0,-37.0,-28.0,-35.0,-40.0,-38.0,-37.0,-40.0,-42.0,-32.0,-33.0,-40.0,-41.0,-42.0,-43.0,-47.0,-32.0
48029,0.0,1.0,-23.0,1.0,3.0,0.0,4.0,2.0,1.0,4.0,2.0,3.0,1.0,4.0,3.0,2.0,4.0,2.0,2.0,1.0,3.0,1.0,0.0,-17.0,-18.0,-17.0,-20.0,-19.0,-4.0,-6.0,-19.0,-24.0,-26.0,-31.0,-33.0,-27.0,-30.0,-37.0,-41.0,-46.0,-48.0,-46.0,-35.0,-38.0,-47.0,-49.0,-49.0,-51.0,-50.0,-43.0,-40.0,-49.0,-52.0,-51.0,-53.0,-55.0,-41.0
13059,3.0,-4.0,-7.0,0.0,1.0,-1.0,2.0,5.0,1.0,2.0,3.0,2.0,1.0,1.0,5.0,4.0,3.0,0.0,1.0,-4.0,-6.0,-2.0,-7.0,-18.0,-20.0,-19.0,-19.0,-22.0,-9.0,-17.0,-27.0,-33.0,-36.0,-37.0,-41.0,-30.0,-36.0,-45.0,-48.0,-48.0,-48.0,-48.0,-35.0,-41.0,-48.0,-52.0,-50.0,-51.0,-51.0,-39.0,-46.0,-51.0,-53.0,-54.0,-54.0,-56.0,-39.0
13121,1.0,-2.0,-21.0,-1.0,0.0,-2.0,-1.0,4.0,1.0,0.0,2.0,1.0,1.0,0.0,3.0,2.0,1.0,0.0,-1.0,-2.0,-1.0,5.0,1.0,0.0,-8.0,-8.0,-6.0,-15.0,-4.0,-13.0,-34.0,-41.0,-45.0,-47.0,-47.0,-28.0,-36.0,-54.0,-57.0,-57.0,-58.0,-57.0,-37.0,-43.0,-59.0,-61.0,-60.0,-61.0,-61.0,-45.0,-48.0,-63.0,-64.0,-64.0,-64.0,-65.0,-44.0
13215,0.0,-4.0,-24.0,0.0,2.0,0.0,1.0,6.0,3.0,2.0,1.0,3.0,3.0,1.0,1.0,3.0,4.0,1.0,-1.0,0.0,2.0,6.0,6.0,4.0,1.0,3.0,0.0,-2.0,3.0,-3.0,-15.0,-20.0,-22.0,-25.0,-27.0,-18.0,-26.0,-33.0,-37.0,-38.0,-38.0,-39.0,-27.0,-29.0,-41.0,-45.0,-44.0,-44.0,-46.0,-32.0,-34.0,-45.0,-49.0,-48.0,-47.0,-51.0,-31.0
13021,-1.0,-4.0,-17.0,-9.0,-1.0,-4.0,0.0,2.0,3.0,0.0,0.0,1.0,0.0,1.0,2.0,3.0,0.0,0.0,-1.0,-3.0,1.0,4.0,4.0,3.0,2.0,1.0,1.0,0.0,2.0,-1.0,-3.0,-16.0,-20.0,-21.0,-24.0,-13.0,-23.0,-32.0,-35.0,-37.0,-38.0,-37.0,-22.0,-32.0,-38.0,-42.0,-41.0,-42.0,-43.0,-33.0,-36.0,-44.0,-46.0,-45.0,-44.0,-47.0,-30.0
15003,-1.0,0.0,-52.0,-1.0,-1.0,1.0,3.0,2.0,2.0,2.0,0.0,0.0,1.0,2.0,1.0,3.0,2.0,1.0,1.0,1.0,2.0,3.0,2.0,1.0,0.0,-1.0,-1.0,0.0,-3.0,-5.0,-17.0,-23.0,-25.0,-29.0,-32.0,-26.0,-29.0,-35.0,-44.0,-47.0,-54.0,-46.0,-42.0,-44.0,-47.0,-49.0,-50.0,-50.0,-48.0,-44.0,-45.0,-49.0,-51.0,-52.0,-51.0,-58.0,-46.0
41051,-3.0,2.0,-25.0,1.0,1.0,1.0,3.0,2.0,3.0,3.0,2.0,2.0,1.0,2.0,2.0,3.0,1.0,0.0,0.0,0.0,0.0,3.0,2.0,1.0,0.0,-2.0,-5.0,-10.0,-11.0,-8.0,-28.0,-37.0,-40.0,-43.0,-43.0,-31.0,-34.0,-49.0,-54.0,-55.0,-56.0,-55.0,-42.0,-41.0,-55.0,-57.0,-57.0,-58.0,-56.0,-43.0,-43.0,-56.0,-57.0,-57.0,-58.0,-57.0,-43.0
41047,-4.0,-1.0,-30.0,1.0,2.0,1.0,4.0,0.0,0.0,2.0,2.0,3.0,2.0,3.0,2.0,1.0,2.0,2.0,3.0,2.0,-5.0,3.0,1.0,1.0,2.0,1.0,0.0,-2.0,-4.0,-9.0,-17.0,-23.0,-26.0,-28.0,-29.0,-20.0,-27.0,-35.0,-40.0,-42.0,-42.0,-42.0,-31.0,-34.0,-42.0,-43.0,-43.0,-43.0,-42.0,-32.0,-34.0,-42.0,-43.0,-43.0,-44.0,-43.0,-30.0
41039,0.0,0.0,-21.0,2.0,2.0,2.0,2.0,4.0,0.0,3.0,3.0,2.0,2.0,2.0,4.0,4.0,2.0,2.0,2.0,2.0,-1.0,4.0,1.0,0.0,1.0,0.0,-3.0,-8.0,-3.0,-9.0,-19.0,-25.0,-29.0,-32.0,-34.0,-25.0,-31.0,-40.0,-46.0,-46.0,-47.0,-46.0,-38.0,-40.0,-46.0,-47.0,-48.0,-47.0,-47.0,-39.0,-43.0,-47.0,-48.0,-48.0,-48.0,-48.0,-37.0
41029,0.0,0.0,-22.0,2.0,0.0,2.0,3.0,1.0,2.0,3.0,3.0,2.0,2.0,3.0,5.0,4.0,3.0,2.0,1.0,1.0,2.0,2.0,1.0,-1.0,1.0,0.0,0.0,-1.0,-3.0,-9.0,-15.0,-21.0,-25.0,-25.0,-27.0,-23.0,-26.0,-32.0,-38.0,-40.0,-40.0,-40.0,-33.0,-34.0,-39.0,-41.0,-41.0,-41.0,-41.0,-34.0,-35.0,-41.0,-41.0,-41.0,-42.0,-40.0,-33.0
41067,-1.0,1.0,-31.0,-3.0,1.0,2.0,3.0,4.0,1.0,4.0,2.0,1.0,1.0,2.0,3.0,2.0,3.0,1.0,0.0,0.0,0.0,2.0,-1.0,1.0,-1.0,-2.0,-6.0,-11.0,-10.0,-13.0,-31.0,-38.0,-42.0,-44.0,-45.0,-28.0,-33.0,-50.0,-55.0,-56.0,-57.0,-57.0,-38.0,-41.0,-56.0,-58.0,-58.0,-59.0,-58.0,-39.0,-42.0,-57.0,-58.0,-59.0,-59.0,-59.0,-39.0
41053,-5.0,-5.0,-34.0,1.0,2.0,1.0,2.0,3.0,0.0,2.0,1.0,2.0,1.0,-2.0,0.0,0.0,1.0,1.0,2.0,3.0,-4.0,1.0,1.0,1.0,0.0,0.0,-2.0,-4.0,-6.0,-10.0,-21.0,-26.0,-29.0,-32.0,-33.0,-23.0,-31.0,-40.0,-47.0,-48.0,-48.0,-47.0,-35.0,-39.0,-48.0,-49.0,-49.0,-50.0,-49.0,-36.0,-42.0,-48.0,-49.0,-50.0,-50.0,-49.0,-37.0
41017,1.0,4.0,-20.0,1.0,1.0,2.0,5.0,6.0,3.0,3.0,2.0,2.0,2.0,4.0,4.0,5.0,5.0,3.0,3.0,2.0,5.0,4.0,2.0,4.0,2.0,2.0,-2.0,-2.0,-4.0,-16.0,-23.0,-28.0,-31.0,-32.0,-31.0,-27.0,-33.0,-37.0,-45.0,-46.0,-46.0,-46.0,-37.0,-42.0,-44.0,-47.0,-46.0,-46.0,-45.0,-39.0,-43.0,-44.0,-46.0,-46.0,-46.0,-46.0,-37.0
41005,-2.0,0.0,-24.0,1.0,1.0,1.0,5.0,1.0,0.0,4.0,2.0,2.0,1.0,4.0,2.0,1.0,2.0,0.0,1.0,0.0,2.0,1.0,1.0,1.0,0.0,0.0,-3.0,-5.0,-8.0,-11.0,-20.0,-29.0,-32.0,-35.0,-34.0,-26.0,-31.0,-41.0,-47.0,-48.0,-49.0,-47.0,-36.0,-38.0,-47.0,-49.0,-49.0,-50.0,-47.0,-37.0,-38.0,-47.0,-49.0,-49.0,-50.0,-49.0,-37.0
16001,0.0,2.0,-31.0,1.0,3.0,1.0,3.0,3.0,3.0,2.0,2.0,3.0,3.0,-2.0,3.0,4.0,3.0,3.0,4.0,2.0,3.0,2.0,4.0,2.0,2.0,3.0,1.0,0.0,0.0,-9.0,-18.0,-27.0,-31.0,-34.0,-37.0,-22.0,-33.0,-43.0,-45.0,-47.0,-53.0,-53.0,-38.0,-43.0,-53.0,-55.0,-54.0,-56.0,-55.0,-40.0,-44.0,-55.0,-55.0,-55.0,-55.0,-56.0,-40.0
16027,0.0,-1.0,-23.0,2.0,2.0,1.0,4.0,0.0,1.0,7.0,3.0,3.0,2.0,4.0,1.0,2.0,9.0,3.0,3.0,3.0,5.0,2.0,2.0,7.0,2.0,3.0,2.0,1.0,0.0,-7.0,-2.0,-18.0,-23.0,-26.0,-26.0,-17.0,-25.0,-29.0,-34.0,-36.0,-42.0,-42.0,-29.0,-37.0,-38.0,-43.0,-43.0,-44.0,-44.0,-33.0,-39.0,-40.0,-45.0,-44.0,-44.0,-45.0,-32.0
47037,3.0,1.0,-15.0,2.0,3.0,1.0,2.0,6.0,2.0,0.0,3.0,2.0,2.0,2.0,6.0,2.0,0.0,-25.0,-12.0,-9.0,-10.0,5.0,3.0,-2.0,-2.0,-2.0,-11.0,-13.0,-2.0,-11.0,-24.0,-30.0,-34.0,-36.0,-39.0,-27.0,-37.0,-48.0,-51.0,-50.0,-50.0,-50.0,-36.0,-44.0,-51.0,-54.0,-53.0,-53.0,-53.0,-40.0,-47.0,-54.0,-54.0,-55.0,-55.0,-58.0,-41.0
48061,-1.0,-1.0,-14.0,1.0,1.0,-1.0,1.0,3.0,1.0,8.0,1.0,1.0,-2.0,-13.0,-2.0,1.0,7.0,1.0,1.0,1.0,2.0,3.0,0.0,6.0,0.0,1.0,-1.0,-2.0,-1.0,0.0,-23.0,-28.0,-30.0,-32.0,-35.0,-23.0,-25.0,-33.0,-39.0,-49.0,-49.0,-48.0,-37.0,-37.0,-46.0,-50.0,-49.0,-52.0,-51.0,-42.0,-43.0,-48.0,-53.0,-53.0,-54.0,-61.0,-42.0
48141,0.0,-2.0,-16.0,3.0,3.0,1.0,2.0,2.0,-2.0,7.0,3.0,4.0,2.0,4.0,2.0,-1.0,7.0,2.0,3.0,2.0,3.0,2.0,-3.0,1.0,-2.0,-1.0,-4.0,-5.0,-3.0,-4.0,-25.0,-27.0,-29.0,-32.0,-32.0,-22.0,-27.0,-32.0,-35.0,-45.0,-46.0,-45.0,-34.0,-37.0,-44.0,-47.0,-47.0,-49.0,-47.0,-38.0,-39.0,-46.0,-50.0,-49.0,-51.0,-61.0,-42.0
48113,1.0,1.0,-18.0,3.0,5.0,2.0,5.0,3.0,0.0,4.0,4.0,5.0,2.0,5.0,4.0,3.0,4.0,4.0,2.0,3.0,4.0,3.0,1.0,-5.0,-4.0,-3.0,-7.0,-12.0,-6.0,-10.0,-22.0,-27.0,-31.0,-35.0,-35.0,-23.0,-31.0,-39.0,-48.0,-47.0,-49.0,-48.0,-36.0,-38.0,-50.0,-49.0,-49.0,-51.0,-51.0,-41.0,-42.0,-50.0,-50.0,-50.0,-52.0,-55.0,-42.0
48439,2.0,1.0,-18.0,1.0,3.0,1.0,4.0,4.0,2.0,5.0,3.0,4.0,2.0,5.0,4.0,3.0,5.0,3.0,2.0,2.0,3.0,3.0,1.0,-13.0,-14.0,-14.0,-17.0,-19.0,-5.0,-9.0,-19.0,-24.0,-27.0,-32.0,-33.0,-21.0,-31.0,-37.0,-42.0,-45.0,-46.0,-45.0,-32.0,-36.0,-46.0,-47.0,-46.0,-49.0,-48.0,-38.0,-39.0,-47.0,-49.0,-48.0,-50.0,-53.0,-39.0
48121,0.0,1.0,-22.0,2.0,3.0,2.0,4.0,2.0,1.0,3.0,3.0,3.0,2.0,4.0,4.0,2.0,3.0,2.0,1.0,2.0,3.0,1.0,-1.0,-10.0,-10.0,-10.0,-13.0,-17.0,-7.0,-12.0,-28.0,-34.0,-38.0,-42.0,-42.0,-26.0,-34.0,-47.0,-53.0,-55.0,-57.0,-56.0,-38.0,-42.0,-58.0,-58.0,-58.0,-59.0,-58.0,-42.0,-45.0,-59.0,-60.0,-59.0,-60.0,-62.0,-43.0
48085,0.0,0.0,-24.0,2.0,3.0,1.0,3.0,1.0,1.0,3.0,3.0,3.0,2.0,4.0,4.0,2.0,3.0,2.0,1.0,2.0,3.0,1.0,-2.0,-19.0,-18.0,-19.0,-22.0,-27.0,-9.0,-15.0,-33.0,-41.0,-45.0,-48.0,-48.0,-29.0,-38.0,-54.0,-60.0,-61.0,-63.0,-61.0,-40.0,-45.0,-63.0,-63.0,-64.0,-65.0,-63.0,-44.0,-47.0,-64.0,-65.0,-65.0,-65.0,-67.0,-44.0
48215,2.0,-1.0,4.0,2.0,1.0,-1.0,0.0,3.0,1.0,12.0,2.0,2.0,1.0,2.0,3.0,0.0,13.0,2.0,2.0,2.0,2.0,3.0,-2.0,11.0,0.0,0.0,-1.0,-7.0,-2.0,-3.0,-22.0,-31.0,-33.0,-35.0,-37.0,-24.0,-28.0,-33.0,-43.0,-45.0,-46.0,-52.0,-40.0,-43.0,-46.0,-52.0,-52.0,-54.0,-53.0,-43.0,-44.0,-48.0,-54.0,-54.0,-55.0,-62.0,-40.0
48157,0.0,0.0,-20.0,2.0,3.0,0.0,3.0,6.0,1.0,1.0,3.0,3.0,1.0,-3.0,3.0,3.0,3.0,2.0,2.0,1.0,3.0,2.0,-2.0,-17.0,-18.0,-18.0,-21.0,-25.0,-6.0,-11.0,-28.0,-34.0,-37.0,-40.0,-41.0,-24.0,-32.0,-45.0,-48.0,-55.0,-56.0,-54.0,-36.0,-41.0,-56.0,-57.0,-56.0,-57.0,-56.0,-39.0,-41.0,-57.0,-58.0,-58.0,-59.0,-64.0,-40.0
55079,1.0,1.0,-10.0,-3.0,1.0,2.0,3.0,6.0,5.0,5.0,2.0,1.0,2.0,2.0,6.0,5.0,4.0,0.0,2.0,2.0,2.0,6.0,4.0,2.0,1.0,1.0,0.0,-2.0,0.0,-3.0,-17.0,-27.0,-34.0,-37.0,-38.0,-25.0,-31.0,-41.0,-46.0,-49.0,-49.0,-49.0,-35.0,-38.0,-48.0,-50.0,-50.0,-50.0,-49.0,-35.0,-38.0,-48.0,-51.0,-51.0,-51.0,-56.0,-36.0
48423,3.0,2.0,-7.0,2.0,1.0,2.0,1.0,2.0,0.0,1.0,1.0,2.0,2.0,2.0,5.0,2.0,2.0,1.0,-1.0,3.0,1.0,1.0,0.0,-16.0,-16.0,-16.0,-17.0,-18.0,0.0,-8.0,-17.0,-19.0,-21.0,-23.0,-26.0,-15.0,-26.0,-27.0,-29.0,-32.0,-32.0,-33.0,-30.0,-34.0,-38.0,-38.0,-39.0,-39.0,-40.0,-29.0,-37.0,-38.0,-39.0,-39.0,-39.0,-48.0,-31.0
53053,-3.0,-1.0,-33.0,-3.0,2.0,1.0,3.0,0.0,-1.0,4.0,2.0,3.0,2.0,4.0,2.0,2.0,3.0,1.0,1.0,0.0,0.0,1.0,-1.0,0.0,-3.0,-4.0,-5.0,-8.0,-5.0,-9.0,-18.0,-26.0,-29.0,-31.0,-32.0,-25.0,-29.0,-35.0,-40.0,-44.0,-50.0,-50.0,-39.0,-39.0,-51.0,-52.0,-52.0,-53.0,-51.0,-39.0,-39.0,-51.0,-52.0,-52.0,-52.0,-53.0,-39.0
55059,2.0,-2.0,-5.0,3.0,2.0,3.0,-1.0,6.0,5.0,4.0,2.0,1.0,3.0,3.0,5.0,4.0,4.0,0.0,4.0,4.0,4.0,6.0,3.0,2.0,3.0,2.0,2.0,0.0,2.0,-4.0,-14.0,-21.0,-27.0,-31.0,-31.0,-20.0,-29.0,-38.0,-41.0,-43.0,-43.0,-42.0,-30.0,-34.0,-42.0,-44.0,-45.0,-45.0,-44.0,-32.0,-34.0,-44.0,-46.0,-47.0,-46.0,-54.0,-32.0
53063,-1.0,1.0,-28.0,1.0,2.0,0.0,-3.0,2.0,3.0,5.0,2.0,4.0,2.0,3.0,2.0,4.0,5.0,2.0,3.0,0.0,0.0,1.0,2.0,2.0,0.0,1.0,-2.0,-3.0,-7.0,-7.0,-11.0,-27.0,-30.0,-33.0,-33.0,-25.0,-29.0,-35.0,-40.0,-43.0,-48.0,-48.0,-37.0,-38.0,-48.0,-50.0,-49.0,-51.0,-49.0,-38.0,-39.0,-48.0,-51.0,-50.0,-51.0,-51.0,-36.0
48201,2.0,0.0,-13.0,2.0,3.0,0.0,2.0,5.0,2.0,2.0,3.0,3.0,2.0,-8.0,4.0,3.0,4.0,3.0,2.0,3.0,2.0,4.0,1.0,-8.0,-9.0,-9.0,-11.0,-18.0,-2.0,-7.0,-21.0,-27.0,-30.0,-33.0,-35.0,-23.0,-29.0,-36.0,-39.0,-48.0,-48.0,-48.0,-35.0,-38.0,-47.0,-48.0,-48.0,-49.0,-49.0,-40.0,-40.0,-48.0,-49.0,-50.0,-51.0,-59.0,-40.0
48339,1.0,0.0,-21.0,1.0,-1.0,-3.0,0.0,2.0,0.0,1.0,4.0,3.0,2.0,1.0,1.0,1.0,3.0,4.0,1.0,3.0,0.0,2.0,1.0,-14.0,-13.0,-15.0,-17.0,-19.0,-3.0,-10.0,-23.0,-27.0,-30.0,-34.0,-37.0,-24.0,-33.0,-38.0,-39.0,-44.0,-45.0,-45.0,-33.0,-38.0,-47.0,-47.0,-48.0,-49.0,-49.0,-37.0,-39.0,-48.0,-49.0,-49.0,-50.0,-59.0,-38.0
55009,0.0,4.0,1.0,1.0,2.0,2.0,3.0,3.0,5.0,3.0,2.0,3.0,3.0,3.0,4.0,6.0,5.0,0.0,3.0,3.0,0.0,7.0,6.0,2.0,1.0,1.0,0.0,-1.0,-1.0,2.0,-11.0,-21.0,-27.0,-31.0,-33.0,-21.0,-26.0,-36.0,-41.0,-45.0,-45.0,-45.0,-30.0,-31.0,-44.0,-47.0,-46.0,-46.0,-46.0,-34.0,-31.0,-46.0,-48.0,-47.0,-47.0,-50.0,-36.0
53011,-4.0,-1.0,-27.0,1.0,2.0,2.0,3.0,1.0,0.0,4.0,2.0,3.0,2.0,3.0,1.0,2.0,4.0,2.0,2.0,1.0,2.0,1.0,0.0,2.0,1.0,1.0,-1.0,-3.0,-12.0,-11.0,-21.0,-28.0,-31.0,-34.0,-35.0,-26.0,-31.0,-38.0,-44.0,-45.0,-48.0,-48.0,-38.0,-41.0,-50.0,-52.0,-51.0,-52.0,-51.0,-39.0,-41.0,-50.0,-51.0,-51.0,-51.0,-52.0,-38.0
55025,7.0,6.0,-2.0,0.0,1.0,1.0,2.0,8.0,7.0,5.0,2.0,1.0,2.0,0.0,8.0,6.0,5.0,-1.0,2.0,3.0,6.0,12.0,7.0,4.0,2.0,1.0,0.0,-2.0,1.0,-4.0,-25.0,-37.0,-45.0,-48.0,-48.0,-28.0,-35.0,-52.0,-58.0,-61.0,-61.0,-59.0,-41.0,-43.0,-61.0,-63.0,-63.0,-63.0,-61.0,-39.0,-41.0,-61.0,-63.0,-63.0,-63.0,-63.0,-39.0
54039,-1.0,0.0,-14.0,0.0,-4.0,1.0,1.0,1.0,4.0,3.0,3.0,2.0,0.0,3.0,3.0,5.0,2.0,2.0,3.0,2.0,0.0,5.0,3.0,-8.0,-8.0,-8.0,-9.0,-10.0,0.0,-2.0,-10.0,-15.0,-20.0,-23.0,-29.0,-25.0,-30.0,-38.0,-42.0,-47.0,-47.0,-46.0,-33.0,-33.0,-46.0,-48.0,-48.0,-47.0,-47.0,-33.0,-36.0,-48.0,-49.0,-51.0,-50.0,-52.0,-33.0
55087,3.0,0.0,-3.0,-2.0,2.0,3.0,-5.0,7.0,5.0,0.0,3.0,3.0,3.0,2.0,5.0,4.0,4.0,-1.0,2.0,2.0,3.0,7.0,5.0,4.0,3.0,3.0,2.0,1.0,2.0,0.0,-6.0,-19.0,-27.0,-31.0,-34.0,-21.0,-26.0,-37.0,-40.0,-44.0,-45.0,-45.0,-33.0,-33.0,-45.0,-45.0,-46.0,-46.0,-47.0,-33.0,-34.0,-46.0,-47.0,-48.0,-48.0,-54.0,-35.0
53077,-5.0,-4.0,-37.0,-6.0,0.0,-1.0,1.0,-1.0,-3.0,0.0,0.0,1.0,0.0,1.0,2.0,-1.0,0.0,1.0,1.0,0.0,-2.0,2.0,-2.0,-1.0,0.0,0.0,-2.0,-3.0,-4.0,-9.0,-18.0,-23.0,-26.0,-27.0,-28.0,-11.0,-24.0,-35.0,-38.0,-40.0,-41.0,-40.0,-25.0,-33.0,-41.0,-42.0,-43.0,-44.0,-43.0,-30.0,-34.0,-43.0,-43.0,-44.0,-44.0,-45.0,-30.0
48303,3.0,3.0,-1.0,3.0,2.0,1.0,4.0,4.0,2.0,11.0,4.0,3.0,2.0,5.0,4.0,6.0,10.0,4.0,1.0,2.0,5.0,7.0,2.0,11.0,3.0,2.0,1.0,0.0,0.0,-6.0,-15.0,-23.0,-26.0,-28.0,-30.0,-21.0,-26.0,-25.0,-32.0,-35.0,-35.0,-35.0,-25.0,-28.0,-35.0,-40.0,-41.0,-41.0,-40.0,-30.0,-33.0,-34.0,-40.0,-41.0,-41.0,-47.0,-33.0
48479,0.0,1.0,18.0,1.0,1.0,-2.0,-19.0,-1.0,-1.0,8.0,2.0,2.0,1.0,3.0,4.0,3.0,27.0,1.0,2.0,1.0,2.0,3.0,-1.0,25.0,1.0,1.0,0.0,0.0,-3.0,-2.0,-9.0,-28.0,-32.0,-37.0,-38.0,-29.0,-32.0,-22.0,-40.0,-41.0,-42.0,-40.0,-31.0,-35.0,-28.0,-44.0,-44.0,-46.0,-44.0,-39.0,-40.0,-32.0,-47.0,-47.0,-51.0,-59.0,-37.0
48135,2.0,1.0,-3.0,3.0,2.0,3.0,3.0,6.0,0.0,4.0,4.0,4.0,4.0,5.0,5.0,3.0,4.0,1.0,-1.0,3.0,-9.0,3.0,1.0,-14.0,-14.0,-13.0,-14.0,-14.0,0.0,-5.0,-13.0,-13.0,-14.0,-13.0,-17.0,-18.0,-19.0,-20.0,-24.0,-25.0,-24.0,-24.0,-20.0,-24.0,-27.0,-30.0,-31.0,-31.0,-32.0,-30.0,-30.0,-31.0,-33.0,-33.0,-34.0,-52.0,-33.0
48329,0.0,0.0,-7.0,2.0,0.0,3.0,3.0,3.0,-3.0,11.0,3.0,2.0,5.0,3.0,3.0,1.0,11.0,2.0,-3.0,4.0,1.0,2.0,-1.0,-5.0,-11.0,-13.0,-12.0,-14.0,-4.0,-8.0,-5.0,-14.0,-18.0,-17.0,-21.0,-21.0,-21.0,-19.0,-28.0,-30.0,-29.0,-30.0,-23.0,-25.0,-26.0,-31.0,-34.0,-33.0,-35.0,-32.0,-28.0,-29.0,-35.0,-37.0,-35.0,-49.0,-32.0
48183,1.0,0.0,-11.0,0.0,-1.0,-1.0,0.0,1.0,-3.0,1.0,2.0,2.0,1.0,-1.0,3.0,3.0,1.0,2.0,0.0,2.0,1.0,1.0,1.0,-16.0,-15.0,-16.0,-17.0,-19.0,-4.0,-8.0,-15.0,-16.0,-18.0,-19.0,-24.0,-19.0,-25.0,-24.0,-26.0,-28.0,-28.0,-35.0,-30.0,-31.0,-34.0,-34.0,-34.0,-36.0,-36.0,-30.0,-34.0,-34.0,-36.0,-36.0,-37.0,-48.0,-32.0
48027,-3.0,-3.0,-32.0,0.0,0.0,0.0,1.0,-1.0,-4.0,1.0,1.0,2.0,1.0,1.0,0.0,-1.0,2.0,0.0,-1.0,2.0,0.0,-2.0,-3.0,-19.0,-19.0,-18.0,-21.0,-24.0,-5.0,-9.0,-19.0,-22.0,-23.0,-28.0,-31.0,-19.0,-28.0,-30.0,-37.0,-40.0,-41.0,-42.0,-27.0,-33.0,-44.0,-45.0,-44.0,-46.0,-47.0,-34.0,-36.0,-45.0,-46.0,-46.0,-47.0,-54.0,-34.0
48039,3.0,3.0,-20.0,0.0,2.0,1.0,3.0,7.0,5.0,3.0,3.0,3.0,2.0,-1.0,7.0,3.0,3.0,2.0,2.0,2.0,1.0,1.0,0.0,-17.0,-18.0,-18.0,-19.0,-23.0,-2.0,-6.0,-21.0,-25.0,-28.0,-29.0,-32.0,-19.0,-25.0,-35.0,-38.0,-42.0,-43.0,-44.0,-26.0,-30.0,-45.0,-46.0,-45.0,-47.0,-46.0,-30.0,-33.0,-45.0,-47.0,-47.0,-48.0,-58.0,-32.0
48167,1.0,2.0,-18.0,2.0,3.0,0.0,1.0,3.0,1.0,2.0,3.0,2.0,1.0,0.0,3.0,2.0,4.0,2.0,2.0,2.0,1.0,2.0,3.0,-16.0,-17.0,-17.0,-19.0,-20.0,-2.0,-4.0,-19.0,-24.0,-27.0,-30.0,-32.0,-23.0,-28.0,-35.0,-39.0,-45.0,-45.0,-45.0,-33.0,-35.0,-44.0,-46.0,-45.0,-47.0,-46.0,-37.0,-39.0,-45.0,-48.0,-47.0,-49.0,-56.0,-37.0
48453,3.0,1.0,-25.0,1.0,3.0,-1.0,6.0,6.0,3.0,6.0,3.0,5.0,2.0,6.0,5.0,3.0,4.0,3.0,2.0,2.0,5.0,6.0,1.0,2.0,0.0,1.0,-4.0,-14.0,-2.0,-11.0,-32.0,-41.0,-44.0,-49.0,-49.0,-32.0,-38.0,-51.0,-54.0,-59.0,-60.0,-58.0,-40.0,-44.0,-61.0,-62.0,-61.0,-63.0,-62.0,-48.0,-46.0,-61.0,-62.0,-62.0,-63.0,-64.0,-44.0
48257,3.0,0.0,-21.0,1.0,1.0,1.0,2.0,3.0,1.0,2.0,2.0,3.0,1.0,1.0,4.0,1.0,2.0,3.0,0.0,2.0,2.0,5.0,1.0,-8.0,-8.0,-8.0,-9.0,-13.0,-5.0,-12.0,-22.0,-25.0,-28.0,-30.0,-33.0,-20.0,-32.0,-34.0,-39.0,-40.0,-42.0,-43.0,-28.0,-38.0,-45.0,-43.0,-44.0,-44.0,-45.0,-34.0,-39.0,-44.0,-45.0,-45.0,-45.0,-53.0,-34.0
48309,2.0,0.0,-17.0,1.0,1.0,1.0,3.0,4.0,1.0,2.0,2.0,2.0,2.0,3.0,0.0,1.0,2.0,3.0,-1.0,2.0,1.0,-3.0,-2.0,-19.0,-18.0,-18.0,-19.0,-19.0,-4.0,-10.0,-17.0,-19.0,-23.0,-26.0,-30.0,-22.0,-28.0,-30.0,-39.0,-38.0,-39.0,-39.0,-27.0,-34.0,-39.0,-39.0,-40.0,-41.0,-42.0,-37.0,-36.0,-40.0,-41.0,-42.0,-41.0,-50.0,-36.0
48485,0.0,2.0,-22.0,-4.0,2.0,3.0,4.0,1.0,0.0,4.0,3.0,3.0,5.0,5.0,4.0,6.0,3.0,2.0,2.0,3.0,4.0,3.0,0.0,3.0,3.0,3.0,3.0,1.0,-4.0,-5.0,-19.0,-20.0,-22.0,-22.0,-25.0,-18.0,-23.0,-26.0,-27.0,-29.0,-29.0,-31.0,-30.0,-32.0,-38.0,-37.0,-39.0,-37.0,-39.0,-33.0,-35.0,-37.0,-38.0,-38.0,-37.0,-43.0,-34.0
48451,3.0,2.0,-21.0,1.0,0.0,0.0,3.0,1.0,3.0,3.0,2.0,3.0,1.0,3.0,0.0,1.0,1.0,2.0,-1.0,0.0,2.0,1.0,-3.0,-13.0,-14.0,-14.0,-15.0,-15.0,-5.0,-7.0,-12.0,-14.0,-17.0,-15.0,-17.0,-17.0,-18.0,-22.0,-28.0,-30.0,-32.0,-32.0,-26.0,-26.0,-33.0,-34.0,-35.0,-37.0,-36.0,-28.0,-31.0,-35.0,-37.0,-39.0,-38.0,-47.0,-33.0
48491,1.0,-1.0,-28.0,-5.0,2.0,0.0,4.0,3.0,1.0,2.0,2.0,3.0,1.0,4.0,4.0,3.0,2.0,2.0,1.0,2.0,3.0,4.0,2.0,0.0,-2.0,-2.0,-4.0,-8.0,-2.0,-12.0,-33.0,-39.0,-43.0,-47.0,-48.0,-28.0,-36.0,-49.0,-52.0,-57.0,-58.0,-56.0,-37.0,-43.0,-59.0,-60.0,-59.0,-60.0,-59.0,-43.0,-45.0,-60.0,-61.0,-60.0,-61.0,-63.0,-42.0
51710,-2.0,-2.0,-26.0,4.0,3.0,0.0,-18.0,2.0,4.0,7.0,3.0,3.0,4.0,4.0,3.0,1.0,8.0,-4.0,4.0,2.0,1.0,2.0,0.0,5.0,2.0,2.0,1.0,-2.0,-4.0,-8.0,-11.0,-19.0,-24.0,-27.0,-29.0,-23.0,-26.0,-32.0,-34.0,-40.0,-38.0,-38.0,-29.0,-31.0,-37.0,-43.0,-44.0,-44.0,-43.0,-34.0,-35.0,-41.0,-44.0,-44.0,-45.0,-47.0,-35.0
49049,-2.0,-7.0,-44.0,2.0,2.0,2.0,4.0,4.0,1.0,3.0,3.0,2.0,2.0,4.0,3.0,-2.0,4.0,0.0,2.0,3.0,5.0,4.0,0.0,-5.0,1.0,1.0,0.0,-9.0,-7.0,-34.0,-28.0,-35.0,-42.0,-43.0,-43.0,-26.0,-46.0,-45.0,-47.0,-49.0,-50.0,-47.0,-33.0,-50.0,-50.0,-52.0,-53.0,-54.0,-52.0,-39.0,-52.0,-55.0,-56.0,-56.0,-57.0,-57.0,-37.0
51510,2.0,-1.0,-48.0,2.0,2.0,2.0,6.0,3.0,2.0,3.0,4.0,3.0,4.0,6.0,4.0,2.0,6.0,0.0,4.0,4.0,6.0,4.0,2.0,3.0,2.0,1.0,-2.0,-7.0,-2.0,-11.0,-32.0,-43.0,-49.0,-51.0,-49.0,-32.0,-37.0,-58.0,-59.0,-63.0,-61.0,-58.0,-43.0,-44.0,-62.0,-66.0,-65.0,-66.0,-63.0,-44.0,-48.0,-66.0,-68.0,-68.0,-68.0,-66.0,-46.0
49011,-2.0,-3.0,-46.0,2.0,1.0,1.0,2.0,5.0,2.0,3.0,3.0,2.0,2.0,4.0,5.0,-1.0,2.0,-2.0,1.0,2.0,1.0,3.0,-1.0,1.0,1.0,1.0,0.0,-4.0,-3.0,-20.0,-22.0,-28.0,-44.0,-36.0,-38.0,-19.0,-35.0,-42.0,-45.0,-46.0,-47.0,-45.0,-27.0,-41.0,-51.0,-52.0,-53.0,-55.0,-54.0,-34.0,-45.0,-53.0,-54.0,-54.0,-54.0,-54.0,-33.0
51740,0.0,-2.0,-27.0,2.0,3.0,-1.0,-21.0,3.0,-1.0,6.0,3.0,1.0,2.0,3.0,3.0,-1.0,6.0,-4.0,4.0,2.0,1.0,-3.0,0.0,4.0,0.0,2.0,0.0,-1.0,1.0,-11.0,-10.0,-17.0,-22.0,-24.0,-27.0,-20.0,-27.0,-30.0,-32.0,-37.0,-36.0,-34.0,-27.0,-34.0,-34.0,-39.0,-40.0,-40.0,-40.0,-29.0,-35.0,-38.0,-40.0,-41.0,-41.0,-43.0,-30.0
51650,-3.0,-2.0,-31.0,3.0,2.0,0.0,-17.0,0.0,1.0,6.0,4.0,2.0,3.0,5.0,1.0,3.0,5.0,3.0,2.0,1.0,2.0,1.0,1.0,5.0,4.0,2.0,1.0,1.0,-5.0,-9.0,-15.0,-21.0,-27.0,-28.0,-29.0,-25.0,-29.0,-34.0,-35.0,-41.0,-39.0,-39.0,-29.0,-32.0,-40.0,-42.0,-44.0,-42.0,-42.0,-33.0,-34.0,-43.0,-44.0,-48.0,-47.0,-47.0,-34.0
49035,0.0,-2.0,-36.0,2.0,2.0,2.0,7.0,3.0,2.0,4.0,3.0,2.0,2.0,5.0,4.0,-1.0,4.0,1.0,3.0,3.0,5.0,3.0,1.0,3.0,1.0,0.0,-2.0,-4.0,-3.0,-15.0,-22.0,-29.0,-51.0,-39.0,-35.0,-19.0,-29.0,-40.0,-42.0,-45.0,-46.0,-42.0,-29.0,-38.0,-47.0,-49.0,-50.0,-51.0,-47.0,-35.0,-41.0,-50.0,-51.0,-52.0,-52.0,-51.0,-35.0
51550,-1.0,-2.0,-35.0,3.0,2.0,1.0,-22.0,0.0,2.0,4.0,3.0,3.0,4.0,6.0,4.0,2.0,4.0,-7.0,3.0,4.0,3.0,2.0,0.0,4.0,2.0,1.0,1.0,1.0,0.0,-10.0,-16.0,-23.0,-29.0,-31.0,-32.0,-22.0,-30.0,-38.0,-38.0,-44.0,-41.0,-40.0,-28.0,-36.0,-41.0,-45.0,-47.0,-46.0,-45.0,-31.0,-38.0,-46.0,-47.0,-48.0,-47.0,-49.0,-34.0
51680,-2.0,0.0,-8.0,-1.0,1.0,1.0,3.0,0.0,0.0,3.0,1.0,2.0,1.0,1.0,-1.0,4.0,1.0,0.0,3.0,0.0,2.0,-2.0,0.0,-1.0,-2.0,-2.0,-7.0,-11.0,-9.0,-13.0,-16.0,-22.0,-28.0,-28.0,-30.0,-28.0,-34.0,-32.0,-34.0,-36.0,-37.0,-37.0,-32.0,-35.0,-36.0,-42.0,-43.0,-41.0,-42.0,-36.0,-42.0,-40.0,-43.0,-43.0,-45.0,-48.0,-39.0
51700,0.0,2.0,-26.0,3.0,2.0,1.0,-16.0,3.0,5.0,7.0,2.0,3.0,3.0,6.0,5.0,2.0,6.0,3.0,3.0,3.0,1.0,3.0,5.0,5.0,3.0,2.0,1.0,2.0,-1.0,-7.0,-14.0,-21.0,-25.0,-27.0,-28.0,-22.0,-26.0,-33.0,-34.0,-40.0,-37.0,-37.0,-26.0,-31.0,-38.0,-41.0,-43.0,-41.0,-41.0,-32.0,-31.0,-42.0,-43.0,-44.0,-45.0,-45.0,-34.0
50007,2.0,3.0,-21.0,1.0,1.0,6.0,2.0,2.0,7.0,-12.0,-12.0,-12.0,-9.0,-12.0,2.0,7.0,-8.0,-11.0,1.0,6.0,1.0,2.0,3.0,-5.0,-5.0,-4.0,-1.0,-8.0,-3.0,-6.0,-20.0,-33.0,-42.0,-42.0,-46.0,-31.0,-33.0,-53.0,-55.0,-56.0,-61.0,-62.0,-46.0,-46.0,-65.0,-65.0,-65.0,-64.0,-64.0,-46.0,-46.0,-65.0,-66.0,-66.0,-65.0,-66.0,-48.0
49057,2.0,-2.0,-38.0,1.0,3.0,3.0,6.0,5.0,3.0,4.0,3.0,3.0,3.0,10.0,6.0,-1.0,3.0,1.0,1.0,2.0,5.0,5.0,2.0,3.0,3.0,2.0,1.0,0.0,3.0,-11.0,-14.0,-20.0,-32.0,-29.0,-27.0,-13.0,-28.0,-34.0,-38.0,-39.0,-40.0,-35.0,-20.0,-31.0,-42.0,-44.0,-44.0,-46.0,-43.0,-28.0,-35.0,-43.0,-46.0,-46.0,-47.0,-46.0,-27.0
51760,-2.0,-1.0,-19.0,1.0,1.0,0.0,1.0,2.0,1.0,7.0,1.0,1.0,1.0,2.0,0.0,2.0,6.0,0.0,2.0,1.0,1.0,0.0,-2.0,2.0,-1.0,-2.0,-5.0,-7.0,-5.0,-11.0,-19.0,-28.0,-33.0,-35.0,-36.0,-28.0,-32.0,-41.0,-42.0,-47.0,-45.0,-44.0,-33.0,-37.0,-43.0,-47.0,-49.0,-49.0,-47.0,-35.0,-40.0,-46.0,-50.0,-51.0,-51.0,-52.0,-39.0
49053,-2.0,1.0,-33.0,1.0,1.0,0.0,3.0,0.0,1.0,3.0,2.0,1.0,1.0,2.0,2.0,4.0,4.0,-1.0,3.0,3.0,4.0,3.0,2.0,3.0,2.0,0.0,0.0,-6.0,-2.0,-17.0,-20.0,-24.0,-28.0,-30.0,-33.0,-20.0,-33.0,-27.0,-29.0,-31.0,-31.0,-31.0,-25.0,-39.0,-31.0,-34.0,-35.0,-36.0,-35.0,-32.0,-40.0,-34.0,-36.0,-37.0,-38.0,-40.0,-31.0
53033,-3.0,-2.0,-40.0,-8.0,-7.0,-6.0,-7.0,-1.0,1.0,4.0,1.0,1.0,2.0,1.0,1.0,1.0,0.0,-5.0,-8.0,-16.0,-22.0,-5.0,-6.0,-25.0,-27.0,-27.0,-32.0,-37.0,-13.0,-15.0,-45.0,-51.0,-53.0,-55.0,-55.0,-36.0,-38.0,-58.0,-62.0,-65.0,-68.0,-68.0,-48.0,-47.0,-69.0,-70.0,-70.0,-70.0,-69.0,-48.0,-48.0,-69.0,-70.0,-70.0,-70.0,-70.0,-48.0
51770,-2.0,0.0,-13.0,3.0,3.0,1.0,2.0,3.0,0.0,3.0,3.0,2.0,2.0,2.0,1.0,0.0,2.0,1.0,3.0,3.0,1.0,1.0,-3.0,2.0,1.0,2.0,-1.0,-7.0,0.0,-9.0,-10.0,-14.0,-21.0,-22.0,-24.0,-18.0,-25.0,-27.0,-29.0,-31.0,-33.0,-31.0,-25.0,-33.0,-32.0,-37.0,-37.0,-37.0,-37.0,-30.0,-35.0,-38.0,-39.0,-41.0,-42.0,-47.0,-33.0
53061,-3.0,0.0,-29.0,-6.0,-2.0,-1.0,-1.0,0.0,0.0,8.0,2.0,2.0,2.0,2.0,1.0,2.0,5.0,-3.0,-3.0,-7.0,-9.0,-2.0,-4.0,-6.0,-14.0,-13.0,-16.0,-21.0,-7.0,-11.0,-25.0,-36.0,-38.0,-40.0,-41.0,-29.0,-33.0,-42.0,-49.0,-54.0,-59.0,-59.0,-44.0,-45.0,-57.0,-61.0,-61.0,-62.0,-60.0,-44.0,-45.0,-58.0,-61.0,-61.0,-61.0,-60.0,-44.0
51810,1.0,-1.0,-31.0,2.0,1.0,0.0,-10.0,2.0,3.0,5.0,3.0,2.0,2.0,2.0,4.0,4.0,4.0,-7.0,2.0,1.0,1.0,1.0,0.0,4.0,1.0,0.0,-1.0,-2.0,-1.0,-8.0,-15.0,-23.0,-29.0,-32.0,-33.0,-25.0,-28.0,-38.0,-39.0,-45.0,-43.0,-44.0,-31.0,-36.0,-43.0,-46.0,-48.0,-48.0,-47.0,-36.0,-39.0,-47.0,-48.0,-49.0,-50.0,-52.0,-37.0
53073,-1.0,0.0,-27.0,0.0,2.0,2.0,3.0,2.0,1.0,9.0,3.0,3.0,2.0,3.0,3.0,5.0,9.0,1.0,2.0,-1.0,-4.0,3.0,3.0,6.0,0.0,-4.0,-7.0,-8.0,-4.0,-10.0,-18.0,-30.0,-33.0,-36.0,-37.0,-29.0,-34.0,-39.0,-47.0,-49.0,-54.0,-54.0,-44.0,-44.0,-51.0,-56.0,-55.0,-56.0,-55.0,-44.0,-44.0,-51.0,-55.0,-55.0,-56.0,-57.0,-43.0
51800,-3.0,-3.0,-34.0,2.0,2.0,-1.0,-31.0,-3.0,-1.0,3.0,2.0,1.0,1.0,1.0,3.0,5.0,3.0,-7.0,1.0,1.0,-1.0,0.0,3.0,2.0,2.0,0.0,-1.0,-3.0,-2.0,-7.0,-14.0,-22.0,-27.0,-27.0,-32.0,-23.0,-27.0,-35.0,-35.0,-41.0,-39.0,-39.0,-23.0,-29.0,-39.0,-42.0,-43.0,-42.0,-42.0,-26.0,-32.0,-41.0,-43.0,-44.0,-45.0,-47.0,-29.0
53005,-1.0,-1.0,-38.0,2.0,1.0,0.0,1.0,0.0,-2.0,3.0,2.0,2.0,3.0,3.0,0.0,1.0,2.0,1.0,1.0,1.0,-4.0,1.0,0.0,-1.0,-1.0,0.0,-2.0,-3.0,-5.0,-12.0,-14.0,-28.0,-32.0,-34.0,-35.0,-21.0,-30.0,-42.0,-45.0,-48.0,-51.0,-48.0,-34.0,-39.0,-52.0,-54.0,-54.0,-54.0,-50.0,-36.0,-40.0,-53.0,-54.0,-55.0,-55.0,-52.0,-36.0
55139,5.0,1.0,-9.0,0.0,2.0,2.0,-1.0,6.0,2.0,2.0,3.0,3.0,2.0,2.0,6.0,4.0,2.0,-2.0,2.0,2.0,4.0,6.0,4.0,2.0,2.0,2.0,1.0,1.0,5.0,-1.0,-9.0,-17.0,-26.0,-28.0,-29.0,-18.0,-24.0,-33.0,-36.0,-41.0,-41.0,-40.0,-30.0,-32.0,-40.0,-41.0,-41.0,-41.0,-42.0,-28.0,-31.0,-43.0,-43.0,-43.0,-43.0,-52.0,-30.0
55101,0.0,0.0,-9.0,2.0,1.0,1.0,2.0,7.0,2.0,3.0,2.0,0.0,1.0,-1.0,5.0,4.0,2.0,0.0,1.0,2.0,2.0,6.0,2.0,2.0,2.0,1.0,0.0,-5.0,2.0,-2.0,-12.0,-19.0,-25.0,-29.0,-30.0,-18.0,-25.0,-34.0,-37.0,-41.0,-42.0,-40.0,-29.0,-32.0,-41.0,-42.0,-43.0,-43.0,-41.0,-28.0,-33.0,-41.0,-43.0,-44.0,-44.0,-52.0,-33.0
55133,7.0,3.0,-6.0,-1.0,1.0,1.0,2.0,7.0,3.0,3.0,1.0,1.0,2.0,1.0,8.0,4.0,3.0,-1.0,2.0,2.0,4.0,7.0,1.0,3.0,2.0,1.0,1.0,0.0,2.0,-6.0,-19.0,-29.0,-35.0,-37.0,-38.0,-23.0,-35.0,-44.0,-49.0,-51.0,-51.0,-50.0,-34.0,-40.0,-50.0,-52.0,-52.0,-51.0,-50.0,-33.0,-40.0,-51.0,-53.0,-53.0,-52.0,-57.0,-35.0
56021,0.0,2.0,-37.0,3.0,3.0,2.0,5.0,4.0,5.0,6.0,-1.0,2.0,4.0,4.0,2.0,6.0,5.0,4.0,4.0,4.0,5.0,9.0,8.0,5.0,3.0,2.0,1.0,-10.0,-5.0,0.0,-16.0,-19.0,-23.0,-37.0,-33.0,-22.0,-24.0,-33.0,-37.0,-38.0,-39.0,-40.0,-30.0,-28.0,-40.0,-42.0,-42.0,-47.0,-43.0,-27.0,-28.0,-40.0,-43.0,-43.0,-43.0,-45.0,-31.0
42069,0.0,3.0,-21.0,1.0,3.0,3.0,3.0,4.0,5.0,7.0,3.0,4.0,2.0,4.0,2.0,6.0,6.0,3.0,3.0,1.0,3.0,1.0,3.0,3.0,0.0,1.0,0.0,1.0,-3.0,-3.0,-12.0,-24.0,-27.0,-31.0,-35.0,-29.0,-27.0,-43.0,-46.0,-45.0,-46.0,-44.0,-37.0,-34.0,-45.0,-48.0,-47.0,-48.0,-48.0,-36.0,-34.0,-46.0,-49.0,-48.0,-51.0,-57.0,-37.0
44003,-2.0,3.0,-30.0,-11.0,-8.0,-5.0,-5.0,0.0,4.0,4.0,2.0,2.0,2.0,2.0,3.0,3.0,4.0,2.0,1.0,2.0,2.0,1.0,5.0,2.0,1.0,-1.0,-1.0,-5.0,-3.0,-5.0,-21.0,-31.0,-33.0,-36.0,-36.0,-23.0,-24.0,-40.0,-44.0,-46.0,-46.0,-45.0,-34.0,-36.0,-46.0,-49.0,-48.0,-49.0,-49.0,-36.0,-36.0,-49.0,-51.0,-52.0,-52.0,-53.0,-38.0
45079,-3.0,-4.0,-20.0,0.0,0.0,1.0,1.0,3.0,1.0,2.0,2.0,3.0,3.0,-1.0,2.0,2.0,2.0,1.0,1.0,1.0,1.0,0.0,0.0,0.0,-2.0,-1.0,-1.0,-8.0,-2.0,-6.0,-14.0,-19.0,-25.0,-27.0,-31.0,-20.0,-29.0,-36.0,-40.0,-40.0,-40.0,-40.0,-26.0,-35.0,-43.0,-46.0,-46.0,-47.0,-47.0,-33.0,-38.0,-47.0,-49.0,-50.0,-50.0,-54.0,-34.0
46103,0.0,1.0,-24.0,1.0,0.0,2.0,6.0,2.0,5.0,4.0,-30.0,2.0,-3.0,-1.0,7.0,9.0,7.0,2.0,1.0,3.0,6.0,-3.0,0.0,3.0,-1.0,-2.0,-3.0,-1.0,-14.0,-5.0,-13.0,-17.0,-21.0,-27.0,-21.0,-14.0,-21.0,-23.0,-30.0,-33.0,-35.0,-34.0,-28.0,-30.0,-33.0,-37.0,-39.0,-52.0,-38.0,-31.0,-33.0,-35.0,-38.0,-40.0,-40.0,-42.0,-35.0
47093,1.0,1.0,-13.0,1.0,3.0,0.0,1.0,5.0,2.0,1.0,2.0,2.0,2.0,1.0,3.0,2.0,1.0,-7.0,3.0,3.0,1.0,5.0,1.0,2.0,0.0,2.0,0.0,-11.0,-3.0,-11.0,-20.0,-25.0,-27.0,-29.0,-32.0,-21.0,-32.0,-38.0,-42.0,-43.0,-43.0,-45.0,-30.0,-40.0,-44.0,-47.0,-46.0,-47.0,-48.0,-34.0,-41.0,-48.0,-50.0,-50.0,-49.0,-56.0,-36.0
48245,4.0,3.0,-11.0,0.0,3.0,-2.0,1.0,4.0,3.0,3.0,3.0,5.0,2.0,2.0,7.0,4.0,5.0,2.0,3.0,2.0,1.0,2.0,1.0,-2.0,-5.0,-4.0,-6.0,-7.0,-2.0,-3.0,-10.0,-16.0,-18.0,-22.0,-26.0,-18.0,-25.0,-23.0,-29.0,-28.0,-31.0,-32.0,-28.0,-33.0,-32.0,-36.0,-36.0,-37.0,-37.0,-29.0,-35.0,-34.0,-38.0,-37.0,-39.0,-52.0,-33.0
01101,3.0,-4.0,-28.0,1.0,-1.0,0.0,2.0,15.0,0.0,2.0,4.0,2.0,2.0,2.0,7.0,2.0,2.0,1.0,-2.0,1.0,3.0,16.0,4.0,3.0,2.0,1.0,2.0,-1.0,3.0,-8.0,-16.0,-21.0,-28.0,-32.0,-36.0,-20.0,-29.0,-33.0,-35.0,-36.0,-36.0,-38.0,-22.0,-34.0,-40.0,-43.0,-41.0,-42.0,-42.0,-29.0,-38.0,-43.0,-45.0,-46.0,-45.0,-50.0,-29.0
01083,4.0,0.0,-23.0,3.0,4.0,1.0,3.0,10.0,4.0,2.0,4.0,2.0,4.0,2.0,14.0,8.0,3.0,2.0,2.0,4.0,2.0,11.0,4.0,3.0,-1.0,2.0,3.0,-1.0,10.0,-3.0,-11.0,-19.0,-24.0,-25.0,-30.0,-12.0,-27.0,-35.0,-37.0,-39.0,-39.0,-39.0,-17.0,-32.0,-42.0,-44.0,-43.0,-42.0,-44.0,-25.0,-37.0,-46.0,-47.0,-49.0,-48.0,-51.0,-24.0
04019,0.0,-1.0,-10.0,3.0,0.0,-16.0,-15.0,-4.0,-1.0,3.0,3.0,1.0,1.0,2.0,1.0,0.0,3.0,3.0,2.0,1.0,2.0,0.0,-2.0,0.0,0.0,-2.0,-4.0,-9.0,-2.0,-6.0,-21.0,-24.0,-31.0,-33.0,-34.0,-24.0,-30.0,-36.0,-38.0,-40.0,-42.0,-42.0,-32.0,-36.0,-42.0,-43.0,-47.0,-47.0,-46.0,-36.0,-39.0,-46.0,-47.0,-49.0,-49.0,-51.0,-39.0
06087,-4.0,0.0,-40.0,0.0,1.0,0.0,0.0,2.0,3.0,7.0,2.0,3.0,1.0,3.0,3.0,1.0,8.0,2.0,3.0,-2.0,0.0,-1.0,3.0,4.0,-3.0,-5.0,-8.0,-9.0,-7.0,-10.0,-26.0,-46.0,-48.0,-49.0,-48.0,-35.0,-38.0,-50.0,-56.0,-53.0,-54.0,-52.0,-40.0,-41.0,-51.0,-55.0,-53.0,-55.0,-52.0,-40.0,-45.0,-56.0,-56.0,-56.0,-57.0,-55.0,-40.0
06007,-2.0,0.0,-27.0,0.0,-1.0,-1.0,2.0,2.0,2.0,8.0,4.0,3.0,3.0,6.0,2.0,5.0,8.0,4.0,3.0,2.0,6.0,-1.0,3.0,6.0,3.0,1.0,0.0,-1.0,-4.0,-7.0,-17.0,-25.0,-28.0,-30.0,-34.0,-24.0,-29.0,-36.0,-42.0,-43.0,-43.0,-40.0,-34.0,-34.0,-40.0,-45.0,-44.0,-44.0,-40.0,-36.0,-38.0,-41.0,-44.0,-45.0,-46.0,-44.0,-31.0
06115,1.0,-3.0,-41.0,1.0,0.0,1.0,-1.0,1.0,-2.0,1.0,4.0,2.0,1.0,2.0,4.0,-1.0,2.0,4.0,0.0,2.0,1.0,-2.0,-1.0,0.0,2.0,-1.0,0.0,-1.0,-5.0,-10.0,-19.0,-22.0,-28.0,-27.0,-35.0,-24.0,-31.0,-39.0,-41.0,-41.0,-42.0,-40.0,-29.0,-38.0,-43.0,-43.0,-43.0,-44.0,-43.0,-34.0,-41.0,-44.0,-43.0,-45.0,-44.0,-45.0,-30.0
06061,-1.0,1.0,-43.0,-2.0,-2.0,-2.0,-2.0,1.0,3.0,3.0,2.0,2.0,2.0,3.0,1.0,3.0,2.0,2.0,1.0,1.0,1.0,-1.0,0.0,2.0,1.0,-1.0,-2.0,-5.0,-7.0,-13.0,-25.0,-30.0,-38.0,-40.0,-46.0,-34.0,-40.0,-50.0,-52.0,-53.0,-53.0,-51.0,-41.0,-44.0,-52.0,-55.0,-53.0,-53.0,-53.0,-43.0,-48.0,-55.0,-55.0,-56.0,-56.0,-55.0,-41.0
06047,-4.0,-2.0,-42.0,-10.0,-10.0,-9.0,-11.0,-2.0,1.0,3.0,2.0,2.0,3.0,3.0,3.0,2.0,5.0,6.0,6.0,6.0,4.0,2.0,2.0,7.0,6.0,5.0,3.0,2.0,1.0,-4.0,-7.0,-12.0,-17.0,-26.0,-33.0,-21.0,-25.0,-36.0,-38.0,-39.0,-39.0,-38.0,-25.0,-26.0,-37.0,-39.0,-40.0,-40.0,-39.0,-27.0,-31.0,-41.0,-40.0,-41.0,-43.0,-45.0,-29.0
06075,1.0,1.0,-59.0,1.0,0.0,0.0,3.0,3.0,4.0,2.0,3.0,0.0,1.0,2.0,2.0,4.0,0.0,-1.0,-2.0,-4.0,-8.0,0.0,-2.0,-18.0,-21.0,-26.0,-32.0,-35.0,-13.0,-15.0,-54.0,-72.0,-73.0,-73.0,-72.0,-49.0,-48.0,-76.0,-76.0,-76.0,-77.0,-74.0,-54.0,-53.0,-76.0,-77.0,-77.0,-77.0,-75.0,-56.0,-54.0,-78.0,-78.0,-78.0,-78.0,-76.0,-54.0
08013,2.0,2.0,-23.0,3.0,1.0,0.0,2.0,6.0,3.0,11.0,3.0,3.0,2.0,3.0,6.0,3.0,10.0,3.0,2.0,3.0,1.0,5.0,3.0,10.0,1.0,-2.0,-6.0,-25.0,-9.0,-16.0,-36.0,-49.0,-53.0,-61.0,-59.0,-36.0,-41.0,-56.0,-61.0,-63.0,-66.0,-66.0,-45.0,-47.0,-62.0,-65.0,-66.0,-68.0,-66.0,-43.0,-47.0,-63.0,-67.0,-67.0,-66.0,-66.0,-45.0
08041,1.0,0.0,-28.0,-35.0,0.0,-1.0,3.0,4.0,-7.0,9.0,1.0,3.0,3.0,3.0,4.0,3.0,2.0,4.0,3.0,2.0,0.0,4.0,3.0,6.0,0.0,3.0,0.0,-7.0,-3.0,-9.0,-18.0,-30.0,-34.0,-44.0,-42.0,-27.0,-30.0,-42.0,-47.0,-49.0,-54.0,-54.0,-39.0,-40.0,-49.0,-53.0,-54.0,-55.0,-56.0,-39.0,-40.0,-51.0,-55.0,-55.0,-55.0,-56.0,-39.0
08035,0.0,-1.0,-28.0,-1.0,1.0,-1.0,1.0,6.0,-4.0,8.0,1.0,2.0,2.0,4.0,6.0,6.0,8.0,3.0,2.0,2.0,1.0,5.0,2.0,7.0,0.0,-1.0,-3.0,-8.0,-4.0,-11.0,-33.0,-46.0,-50.0,-60.0,-59.0,-31.0,-35.0,-53.0,-59.0,-61.0,-65.0,-63.0,-42.0,-43.0,-63.0,-66.0,-66.0,-67.0,-66.0,-44.0,-45.0,-64.0,-67.0,-67.0,-67.0,-66.0,-43.0
06107,-3.0,0.0,-36.0,1.0,0.0,1.0,2.0,0.0,1.0,4.0,2.0,1.0,2.0,1.0,0.0,0.0,4.0,1.0,1.0,1.0,1.0,2.0,0.0,4.0,0.0,0.0,0.0,-3.0,-3.0,-4.0,-17.0,-21.0,-27.0,-29.0,-32.0,-18.0,-22.0,-34.0,-38.0,-39.0,-39.0,-37.0,-24.0,-25.0,-36.0,-39.0,-38.0,-39.0,-38.0,-23.0,-29.0,-40.0,-41.0,-44.0,-43.0,-45.0,-29.0
08001,1.0,1.0,-16.0,2.0,0.0,0.0,3.0,4.0,-1.0,12.0,2.0,3.0,3.0,3.0,3.0,2.0,11.0,4.0,3.0,3.0,3.0,3.0,1.0,11.0,3.0,2.0,0.0,-9.0,-4.0,-8.0,-14.0,-28.0,-32.0,-42.0,-44.0,-26.0,-28.0,-32.0,-41.0,-44.0,-47.0,-48.0,-36.0,-36.0,-41.0,-47.0,-48.0,-51.0,-50.0,-36.0,-36.0,-42.0,-49.0,-49.0,-50.0,-51.0,-36.0
12071,-1.0,-3.0,-16.0,0.0,1.0,0.0,0.0,-1.0,-1.0,2.0,2.0,1.0,0.0,1.0,0.0,1.0,2.0,1.0,1.0,1.0,1.0,1.0,-3.0,1.0,0.0,0.0,-1.0,-10.0,-2.0,-7.0,-15.0,-20.0,-23.0,-25.0,-27.0,-26.0,-33.0,-31.0,-35.0,-36.0,-36.0,-37.0,-36.0,-41.0,-38.0,-41.0,-41.0,-42.0,-46.0,-43.0,-46.0,-44.0,-46.0,-46.0,-47.0,-50.0,-41.0
09009,-2.0,-1.0,-27.0,-8.0,-1.0,0.0,-1.0,4.0,3.0,4.0,2.0,2.0,3.0,3.0,3.0,3.0,3.0,2.0,2.0,3.0,0.0,2.0,1.0,1.0,0.0,-1.0,-2.0,-14.0,-3.0,-7.0,-22.0,-30.0,-32.0,-35.0,-36.0,-24.0,-27.0,-43.0,-46.0,-47.0,-46.0,-46.0,-34.0,-36.0,-47.0,-49.0,-50.0,-50.0,-50.0,-35.0,-38.0,-50.0,-52.0,-53.0,-54.0,-62.0,-39.0
12105,-2.0,-2.0,-16.0,1.0,2.0,1.0,0.0,0.0,-1.0,4.0,2.0,2.0,2.0,1.0,0.0,-1.0,3.0,2.0,3.0,1.0,1.0,1.0,-1.0,3.0,1.0,2.0,1.0,0.0,-1.0,-5.0,-14.0,-19.0,-22.0,-24.0,-27.0,-21.0,-31.0,-32.0,-36.0,-36.0,-38.0,-39.0,-31.0,-38.0,-36.0,-38.0,-38.0,-40.0,-42.0,-36.0,-44.0,-41.0,-43.0,-43.0,-44.0,-49.0,-37.0
12057,1.0,0.0,-19.0,2.0,2.0,1.0,2.0,3.0,0.0,3.0,3.0,2.0,2.0,2.0,3.0,1.0,-9.0,2.0,1.0,2.0,2.0,3.0,0.0,1.0,1.0,1.0,-1.0,-3.0,-2.0,-7.0,-22.0,-26.0,-30.0,-33.0,-34.0,-24.0,-31.0,-38.0,-42.0,-43.0,-45.0,-45.0,-38.0,-42.0,-48.0,-49.0,-49.0,-50.0,-50.0,-40.0,-46.0,-51.0,-52.0,-52.0,-53.0,-56.0,-41.0
13089,0.0,-3.0,-20.0,-2.0,0.0,-2.0,0.0,4.0,0.0,2.0,2.0,2.0,2.0,2.0,4.0,2.0,2.0,0.0,-1.0,-1.0,0.0,6.0,1.0,1.0,-2.0,-2.0,-3.0,-13.0,-3.0,-10.0,-27.0,-34.0,-38.0,-40.0,-40.0,-25.0,-34.0,-47.0,-51.0,-50.0,-51.0,-50.0,-34.0,-42.0,-52.0,-56.0,-55.0,-55.0,-55.0,-42.0,-47.0,-57.0,-59.0,-59.0,-59.0,-59.0,-43.0
13095,-5.0,-4.0,-20.0,-8.0,0.0,-2.0,-2.0,-2.0,4.0,3.0,1.0,1.0,3.0,1.0,0.0,2.0,4.0,2.0,-3.0,-2.0,0.0,2.0,2.0,3.0,0.0,0.0,0.0,-1.0,2.0,-6.0,-14.0,-18.0,-22.0,-24.0,-27.0,-19.0,-26.0,-31.0,-35.0,-37.0,-38.0,-39.0,-31.0,-34.0,-40.0,-43.0,-41.0,-44.0,-44.0,-36.0,-37.0,-44.0,-47.0,-47.0,-45.0,-49.0,-34.0
12111,-2.0,-2.0,-20.0,1.0,1.0,2.0,0.0,1.0,2.0,3.0,2.0,2.0,2.0,1.0,1.0,3.0,3.0,2.0,2.0,2.0,2.0,0.0,0.0,2.0,2.0,3.0,1.0,0.0,1.0,-2.0,-16.0,-19.0,-22.0,-24.0,-27.0,-19.0,-27.0,-30.0,-33.0,-35.0,-35.0,-35.0,-28.0,-34.0,-37.0,-38.0,-38.0,-39.0,-42.0,-35.0,-41.0,-43.0,-43.0,-44.0,-43.0,-47.0,-34.0
13245,-1.0,-5.0,-22.0,-1.0,-1.0,0.0,2.0,1.0,-1.0,1.0,1.0,1.0,1.0,4.0,4.0,1.0,2.0,1.0,-1.0,-2.0,1.0,4.0,-2.0,1.0,1.0,0.0,1.0,0.0,1.0,-5.0,-4.0,-15.0,-22.0,-23.0,-24.0,-15.0,-28.0,-32.0,-35.0,-36.0,-36.0,-36.0,-23.0,-31.0,-38.0,-41.0,-41.0,-40.0,-41.0,-33.0,-39.0,-46.0,-47.0,-48.0,-48.0,-50.0,-34.0
13051,1.0,-3.0,-6.0,1.0,2.0,0.0,2.0,0.0,1.0,3.0,2.0,2.0,2.0,4.0,2.0,3.0,3.0,3.0,0.0,-2.0,3.0,3.0,3.0,2.0,2.0,1.0,0.0,-2.0,-3.0,-5.0,-18.0,-24.0,-22.0,-25.0,-26.0,-24.0,-31.0,-32.0,-35.0,-39.0,-41.0,-40.0,-38.0,-41.0,-41.0,-43.0,-44.0,-44.0,-44.0,-43.0,-45.0,-45.0,-47.0,-47.0,-47.0,-50.0,-43.0
13153,-2.0,-5.0,-37.0,-11.0,0.0,-2.0,0.0,1.0,2.0,1.0,3.0,1.0,2.0,1.0,-2.0,4.0,2.0,2.0,-1.0,-1.0,2.0,6.0,6.0,1.0,3.0,1.0,0.0,0.0,0.0,-7.0,-13.0,-16.0,-22.0,-24.0,-26.0,-15.0,-27.0,-34.0,-38.0,-42.0,-42.0,-43.0,-27.0,-36.0,-45.0,-46.0,-48.0,-48.0,-49.0,-35.0,-40.0,-50.0,-51.0,-51.0,-51.0,-52.0,-34.0
17113,7.0,4.0,-16.0,-2.0,2.0,3.0,3.0,10.0,6.0,3.0,1.0,-11.0,4.0,1.0,13.0,8.0,3.0,2.0,2.0,3.0,2.0,5.0,4.0,-4.0,-4.0,-4.0,-4.0,-12.0,-2.0,-5.0,-27.0,-38.0,-42.0,-44.0,-44.0,-26.0,-41.0,-60.0,-61.0,-61.0,-61.0,-59.0,-36.0,-41.0,-60.0,-61.0,-60.0,-59.0,-58.0,-38.0,-40.0,-60.0,-61.0,-61.0,-61.0,-61.0,-35.0
17019,7.0,9.0,-10.0,1.0,3.0,3.0,11.0,15.0,13.0,11.0,2.0,0.0,3.0,11.0,14.0,15.0,10.0,2.0,2.0,3.0,9.0,15.0,15.0,9.0,0.0,1.0,-3.0,-5.0,0.0,-7.0,-25.0,-38.0,-42.0,-43.0,-40.0,-26.0,-41.0,-50.0,-56.0,-55.0,-55.0,-51.0,-36.0,-40.0,-52.0,-57.0,-56.0,-56.0,-51.0,-33.0,-38.0,-52.0,-57.0,-57.0,-57.0,-56.0,-37.0
47065,1.0,0.0,-15.0,0.0,2.0,-1.0,-8.0,5.0,3.0,1.0,3.0,2.0,2.0,2.0,5.0,3.0,0.0,1.0,2.0,2.0,2.0,4.0,1.0,-1.0,-1.0,0.0,-2.0,-3.0,-2.0,-12.0,-19.0,-21.0,-25.0,-27.0,-30.0,-21.0,-30.0,-36.0,-38.0,-39.0,-40.0,-41.0,-28.0,-36.0,-41.0,-44.0,-44.0,-44.0,-45.0,-36.0,-40.0,-47.0,-48.0,-49.0,-49.0,-55.0,-36.0
47157,2.0,0.0,-18.0,0.0,2.0,0.0,1.0,5.0,0.0,1.0,2.0,2.0,3.0,2.0,6.0,2.0,2.0,2.0,2.0,3.0,2.0,6.0,3.0,-1.0,-1.0,-2.0,-2.0,-11.0,0.0,-6.0,-17.0,-19.0,-24.0,-25.0,-28.0,-15.0,-29.0,-31.0,-36.0,-39.0,-39.0,-39.0,-25.0,-32.0,-40.0,-41.0,-41.0,-41.0,-43.0,-27.0,-35.0,-41.0,-43.0,-43.0,-43.0,-51.0,-29.0
48441,2.0,2.0,-19.0,2.0,1.0,3.0,3.0,3.0,1.0,1.0,1.0,2.0,4.0,3.0,4.0,3.0,1.0,3.0,0.0,4.0,3.0,0.0,-1.0,-16.0,-15.0,-17.0,-15.0,-17.0,-6.0,-3.0,-15.0,-16.0,-18.0,-17.0,-19.0,-17.0,-21.0,-26.0,-29.0,-30.0,-30.0,-32.0,-21.0,-25.0,-34.0,-36.0,-38.0,-37.0,-39.0,-32.0,-31.0,-38.0,-39.0,-40.0,-39.0,-47.0,-31.0
47149,3.0,1.0,-16.0,1.0,2.0,3.0,4.0,6.0,3.0,3.0,3.0,2.0,5.0,2.0,8.0,5.0,2.0,-13.0,0.0,2.0,1.0,7.0,4.0,-1.0,-2.0,-2.0,-2.0,-4.0,0.0,-5.0,-18.0,-23.0,-26.0,-27.0,-31.0,-14.0,-26.0,-38.0,-44.0,-44.0,-42.0,-43.0,-27.0,-35.0,-45.0,-49.0,-48.0,-47.0,-49.0,-33.0,-42.0,-49.0,-51.0,-51.0,-51.0,-56.0,-34.0
48375,-4.0,0.0,-18.0,2.0,1.0,-1.0,2.0,-3.0,0.0,2.0,2.0,1.0,1.0,2.0,-2.0,3.0,2.0,4.0,2.0,1.0,2.0,2.0,0.0,1.0,3.0,1.0,0.0,-1.0,-4.0,-5.0,-16.0,-18.0,-19.0,-25.0,-26.0,-16.0,-21.0,-30.0,-30.0,-30.0,-32.0,-30.0,-15.0,-26.0,-31.0,-35.0,-36.0,-38.0,-37.0,-21.0,-31.0,-37.0,-36.0,-37.0,-38.0,-42.0,-27.0
47125,2.0,1.0,-30.0,2.0,2.0,2.0,4.0,5.0,1.0,3.0,3.0,2.0,3.0,4.0,7.0,4.0,4.0,-8.0,3.0,3.0,2.0,5.0,2.0,2.0,1.0,0.0,-1.0,-12.0,3.0,-3.0,-14.0,-16.0,-20.0,-21.0,-26.0,-14.0,-27.0,-39.0,-35.0,-40.0,-41.0,-41.0,-25.0,-32.0,-42.0,-45.0,-45.0,-46.0,-48.0,-34.0,-37.0,-45.0,-47.0,-47.0,-47.0,-55.0,-33.0
44007,-3.0,1.0,-30.0,-9.0,-5.0,-4.0,-4.0,1.0,3.0,4.0,3.0,2.0,2.0,4.0,1.0,4.0,3.0,2.0,1.0,2.0,3.0,1.0,3.0,2.0,1.0,-3.0,-1.0,-3.0,-4.0,-5.0,-22.0,-30.0,-32.0,-35.0,-34.0,-25.0,-28.0,-40.0,-43.0,-45.0,-45.0,-44.0,-35.0,-36.0,-47.0,-49.0,-49.0,-50.0,-50.0,-40.0,-37.0,-49.0,-51.0,-53.0,-54.0,-55.0,-42.0
45019,1.0,0.0,-20.0,1.0,0.0,-2.0,0.0,3.0,4.0,2.0,0.0,0.0,1.0,0.0,3.0,4.0,2.0,1.0,-1.0,-3.0,1.0,3.0,3.0,1.0,0.0,0.0,-1.0,-1.0,2.0,-4.0,-12.0,-19.0,-27.0,-31.0,-33.0,-25.0,-35.0,-39.0,-42.0,-44.0,-45.0,-45.0,-36.0,-42.0,-45.0,-47.0,-48.0,-49.0,-48.0,-39.0,-44.0,-48.0,-50.0,-51.0,-52.0,-55.0,-41.0
42011,-3.0,-1.0,-16.0,1.0,1.0,1.0,1.0,2.0,3.0,3.0,2.0,1.0,0.0,0.0,1.0,1.0,3.0,1.0,1.0,2.0,0.0,0.0,0.0,-1.0,0.0,0.0,-2.0,-9.0,-3.0,-6.0,-17.0,-26.0,-29.0,-31.0,-38.0,-32.0,-34.0,-50.0,-50.0,-51.0,-49.0,-49.0,-40.0,-37.0,-49.0,-50.0,-50.0,-51.0,-51.0,-38.0,-38.0,-50.0,-51.0,-52.0,-53.0,-64.0,-43.0
46099,-5.0,0.0,-18.0,-4.0,2.0,2.0,4.0,-3.0,4.0,5.0,3.0,3.0,2.0,4.0,-1.0,4.0,4.0,3.0,3.0,2.0,6.0,4.0,5.0,3.0,2.0,1.0,-1.0,2.0,-4.0,-3.0,-12.0,-17.0,-19.0,-23.0,-23.0,-20.0,-21.0,-22.0,-26.0,-28.0,-30.0,-28.0,-23.0,-23.0,-29.0,-31.0,-33.0,-35.0,-34.0,-33.0,-29.0,-34.0,-37.0,-37.0,-39.0,-42.0,-37.0
45035,-3.0,-2.0,-23.0,2.0,0.0,-1.0,0.0,0.0,0.0,3.0,1.0,0.0,0.0,-1.0,0.0,1.0,4.0,1.0,0.0,-3.0,1.0,1.0,1.0,0.0,1.0,0.0,0.0,-1.0,2.0,-4.0,-10.0,-15.0,-23.0,-26.0,-29.0,-20.0,-27.0,-33.0,-37.0,-38.0,-40.0,-40.0,-29.0,-36.0,-41.0,-43.0,-44.0,-45.0,-45.0,-35.0,-39.0,-45.0,-47.0,-49.0,-50.0,-55.0,-37.0
45015,-1.0,0.0,-21.0,2.0,-1.0,-2.0,2.0,4.0,5.0,3.0,3.0,0.0,2.0,1.0,4.0,4.0,4.0,3.0,0.0,-2.0,2.0,2.0,2.0,1.0,2.0,0.0,1.0,-6.0,2.0,0.0,-9.0,-14.0,-21.0,-24.0,-26.0,-16.0,-26.0,-31.0,-34.0,-36.0,-37.0,-37.0,-26.0,-32.0,-39.0,-40.0,-42.0,-42.0,-41.0,-31.0,-36.0,-41.0,-42.0,-45.0,-46.0,-51.0,-34.0
45063,0.0,-2.0,-15.0,0.0,0.0,0.0,1.0,1.0,1.0,2.0,2.0,1.0,2.0,2.0,1.0,3.0,3.0,1.0,0.0,-1.0,2.0,2.0,1.0,1.0,0.0,0.0,-6.0,-10.0,0.0,-5.0,-13.0,-18.0,-24.0,-25.0,-27.0,-17.0,-28.0,-32.0,-36.0,-37.0,-37.0,-36.0,-21.0,-35.0,-38.0,-41.0,-42.0,-42.0,-41.0,-29.0,-37.0,-43.0,-45.0,-46.0,-46.0,-51.0,-30.0
45091,-1.0,-2.0,-16.0,2.0,2.0,-2.0,-4.0,2.0,0.0,4.0,2.0,3.0,2.0,1.0,3.0,3.0,4.0,1.0,1.0,1.0,2.0,4.0,0.0,3.0,0.0,0.0,-1.0,-9.0,-1.0,-6.0,-17.0,-22.0,-29.0,-31.0,-32.0,-18.0,-31.0,-36.0,-39.0,-41.0,-43.0,-43.0,-26.0,-35.0,-43.0,-46.0,-47.0,-47.0,-47.0,-33.0,-39.0,-47.0,-50.0,-51.0,-51.0,-60.0,-37.0
48381,-1.0,-1.0,-22.0,3.0,2.0,-1.0,2.0,2.0,0.0,1.0,4.0,3.0,0.0,2.0,1.0,4.0,2.0,4.0,3.0,0.0,3.0,5.0,0.0,2.0,3.0,3.0,0.0,0.0,0.0,-6.0,-19.0,-21.0,-24.0,-29.0,-30.0,-16.0,-26.0,-32.0,-33.0,-33.0,-35.0,-34.0,-19.0,-30.0,-36.0,-41.0,-42.0,-43.0,-42.0,-27.0,-36.0,-43.0,-43.0,-44.0,-44.0,-49.0,-30.0
48355,0.0,-1.0,-9.0,1.0,3.0,0.0,4.0,4.0,-1.0,5.0,1.0,4.0,0.0,1.0,3.0,2.0,4.0,1.0,3.0,0.0,2.0,1.0,0.0,-14.0,-17.0,-13.0,-17.0,-16.0,-2.0,-2.0,-16.0,-20.0,-19.0,-24.0,-22.0,-21.0,-25.0,-27.0,-31.0,-33.0,-36.0,-38.0,-31.0,-34.0,-37.0,-41.0,-40.0,-41.0,-40.0,-39.0,-37.0,-40.0,-43.0,-41.0,-43.0,-51.0,-36.0
48041,3.0,2.0,-10.0,-2.0,2.0,0.0,4.0,6.0,4.0,4.0,3.0,3.0,2.0,5.0,4.0,4.0,4.0,3.0,2.0,2.0,2.0,1.0,-7.0,-26.0,-27.0,-32.0,-35.0,-33.0,-4.0,-10.0,-26.0,-29.0,-32.0,-36.0,-38.0,-22.0,-35.0,-41.0,-45.0,-49.0,-51.0,-48.0,-33.0,-39.0,-50.0,-52.0,-51.0,-53.0,-51.0,-38.0,-42.0,-51.0,-53.0,-52.0,-54.0,-58.0,-35.0
