FIPS,01-22-2020,01-23-2020,01-24-2020,01-25-2020,01-26-2020,01-27-2020,01-28-2020,01-29-2020,01-30-2020,01-31-2020,02-01-2020,02-02-2020,02-03-2020,02-04-2020,02-05-2020,02-06-2020,02-07-2020,02-08-2020,02-09-2020,02-10-2020,02-11-2020,02-12-2020,02-13-2020,02-14-2020,02-15-2020,02-16-2020,02-17-2020,02-18-2020,02-19-2020,02-20-2020,02-21-2020,02-22-2020,02-23-2020,02-24-2020,02-25-2020,02-26-2020,02-27-2020,02-28-2020,02-29-2020,03-01-2020,03-02-2020,03-03-2020,03-04-2020,03-05-2020,03-06-2020,03-07-2020,03-08-2020,03-09-2020,03-10-2020,03-11-2020,03-12-2020,03-13-2020,03-14-2020,03-15-2020,03-16-2020,03-17-2020,03-18-2020,03-19-2020,03-20-2020,03-21-2020,03-22-2020,03-23-2020,03-24-2020,03-25-2020,03-26-2020,03-27-2020,03-28-2020,03-29-2020,03-30-2020,03-31-2020,04-01-2020,04-02-2020,04-03-2020,04-04-2020,04-05-2020,04-06-2020,04-07-2020,04-08-2020,04-09-2020,04-10-2020,04-11-2020,04-12-2020,04-13-2020,04-14-2020,04-15-2020,04-16-2020,04-17-2020,04-18-2020,04-19-2020,04-20-2020,04-21-2020,04-22-2020,04-23-2020,04-24-2020,04-25-2020,04-26-2020,04-27-2020,04-28-2020,04-29-2020
17031,0.0,0.0,1.0,1.0,1.0,1.0,1.0,1.0,1.0,2.0,2.0,2.0,2.0,2.0,2.0,2.0,2.0,2.0,2.0,2.0,2.0,2.0,2.0,2.0,2.0,2.0,2.0,2.0,2.0,2.0,2.0,2.0,2.0,2.0,2.0,2.0,2.0,2.0,2.0,3.0,4.0,4.0,4.0,5.0,5.0,6.0,7.0,7.0,11.0,22.0,27.0,40.0,50.0,50.0,62.0,107.0,178.0,278.0,278.0,548.0,805.0,922.0,1194.0,1418.0,1418.0,2239.0,2613.0,3445.0,3727.0,4496.0,5152.0,5575.0,6111.0,7439.0,8034.0,8728.0,9509.0,10520.0,11415.0,12472.0,13417.0,14585.0,15474.0,16323.0,17306.0,18087.0,19391.0,20395.0,21272.0,22101.0,23181.0,24546.0,25811.0,27616.0,29058.0,30574.0,31953.0,33449.0,34880.0
17197,0.0,0.0,0.0,0.0,0.0,0.0,0.0,0.0,0.0,0.0,0.0,0.0,0.0,0.0,0.0,0.0,0.0,0.0,0.0,0.0,0.0,0.0,0.0,0.0,0.0,0.0,0.0,0.0,0.0,0.0,0.0,0.0,0.0,0.0,0.0,0.0,0.0,0.0,0.0,0.0,0.0,0.0,0.0,0.0,0.0,0.0,0.0,0.0,0.0,0.0,0.0,0.0,0.0,0.0,1.0,2.0,3.0,9.0,9.0,12.0,21.0,24.0,28.0,40.0,40.0,104.0,127.0,182.0,223.0,228.0,322.0,384.0,455.0,582.0,648.0,697.0,840.0,914.0,1010.0,1077.0,1126.0,1228.0,1283.0,1350.0,1433.0,1494.0,1566.0,1603.0,1643.0,1692.0,1736.0,1820.0,1885.0,2009.0,2060.0,2126.0,2173.0,2254.0,2369.0
17043,0.0,0.0,0.0,0.0,0.0,0.0,0.0,0.0,0.0,0.0,0.0,0.0,0.0,0.0,0.0,0.0,0.0,0.0,0.0,0.0,0.0,0.0,0.0,0.0,0.0,0.0,0.0,0.0,0.0,0.0,0.0,0.0,0.0,0.0,0.0,0.0,0.0,0.0,0.0,0.0,0.0,0.0,0.0,0.0,0.0,0.0,0.0,0.0,0.0,0.0,0.0,0.0,1.0,1.0,1.0,26.0,45.0,54.0,54.0,65.0,79.0,95.0,103.0,131.0,131.0,199.0,202.0,274.0,320.0,356.0,392.0,448.0,500.0,590.0,656.0,715.0,795.0,875.0,943.0,1008.0,1048.0,1162.0,1223.0,1312.0,1386.0,1463.0,1560.0,1642.0,1695.0,1761.0,1864.0,1947.0,2047.0,2219.0,2311.0,2443.0,2628.0,2736.0,2870.0
01073,0.0,0.0,0.0,0.0,0.0,0.0,0.0,0.0,0.0,0.0,0.0,0.0,0.0,0.0,0.0,0.0,0.0,0.0,0.0,0.0,0.0,0.0,0.0,0.0,0.0,0.0,0.0,0.0,0.0,0.0,0.0,0.0,0.0,0.0,0.0,0.0,0.0,0.0,0.0,0.0,0.0,0.0,0.0,0.0,0.0,0.0,0.0,0.0,0.0,0.0,0.0,1.0,1.0,5.0,17.0,21.0,25.0,34.0,50.0,61.0,71.0,86.0,91.0,129.0,159.0,177.0,195.0,245.0,254.0,270.0,292.0,314.0,351.0,373.0,416.0,423.0,457.0,479.0,507.0,536.0,579.0,597.0,612.0,620.0,625.0,634.0,651.0,671.0,682.0,688.0,698.0,726.0,778.0,797.0,797.0,839.0,839.0,861.0,880.0
26161,0.0,0.0,0.0,0.0,0.0,0.0,0.0,0.0,0.0,0.0,0.0,0.0,0.0,0.0,0.0,0.0,0.0,0.0,0.0,0.0,0.0,0.0,0.0,0.0,0.0,0.0,0.0,0.0,0.0,0.0,0.0,0.0,0.0,0.0,0.0,0.0,0.0,0.0,0.0,0.0,0.0,0.0,0.0,0.0,0.0,0.0,0.0,0.0,0.0,0.0,0.0,3.0,3.0,4.0,7.0,7.0,7.0,14.0,16.0,29.0,35.0,42.0,50.0,72.0,92.0,150.0,185.0,233.0,266.0,305.0,401.0,438.0,477.0,501.0,518.0,539.0,559.0,610.0,637.0,659.0,685.0,716.0,736.0,772.0,798.0,826.0,855.0,870.0,870.0,878.0,900.0,912.0,960.0,974.0,1002.0,1001.0,1004.0,1033.0,1049.0
26163,0.0,0.0,0.0,0.0,0.0,0.0,0.0,0.0,0.0,0.0,0.0,0.0,0.0,0.0,0.0,0.0,0.0,0.0,0.0,0.0,0.0,0.0,0.0,0.0,0.0,0.0,0.0,0.0,0.0,0.0,0.0,0.0,0.0,0.0,0.0,0.0,0.0,0.0,0.0,0.0,0.0,0.0,0.0,0.0,0.0,0.0,0.0,0.0,0.0,1.0,1.0,2.0,6.0,8.0,14.0,14.0,23.0,44.0,67.0,102.0,477.0,638.0,876.0,1122.0,1389.0,1810.0,2316.0,2704.0,3195.0,3735.0,4470.0,5069.0,6096.0,6762.0,7518.0,8270.0,9045.0,9626.0,10093.0,10539.0,10951.0,11164.0,11648.0,12209.0,12544.0,12544.0,13233.0,13471.0,13692.0,13912.0,13912.0,14561.0,14994.0,15407.0,15407.0,15748.0,15872.0,16173.0,16494.0
36029,0.0,0.0,0.0,0.0,0.0,0.0,0.0,0.0,0.0,0.0,0.0,0.0,0.0,0.0,0.0,0.0,0.0,0.0,0.0,0.0,0.0,0.0,0.0,0.0,0.0,0.0,0.0,0.0,0.0,0.0,0.0,0.0,0.0,0.0,0.0,0.0,0.0,0.0,0.0,0.0,0.0,0.0,0.0,0.0,0.0,0.0,0.0,0.0,0.0,0.0,0.0,0.0,3.0,3.0,7.0,11.0,20.0,28.0,47.0,50.0,56.0,87.0,114.0,122.0,206.0,245.0,318.0,414.0,443.0,499.0,582.0,617.0,734.0,808.0,1059.0,1148.0,1234.0,1335.0,1432.0,1498.0,1506.0,1571.0,1661.0,1730.0,1812.0,1951.0,2023.0,2023.0,2192.0,2192.0,2284.0,2284.0,2450.0,2603.0,2773.0,2954.0,3021.0,3089.0,3196.0
25027,0.0,0.0,0.0,0.0,0.0,0.0,0.0,0.0,0.0,0.0,0.0,0.0,0.0,0.0,0.0,0.0,0.0,0.0,0.0,0.0,0.0,0.0,0.0,0.0,0.0,0.0,0.0,0.0,0.0,0.0,0.0,0.0,0.0,0.0,0.0,0.0,0.0,0.0,0.0,0.0,0.0,0.0,0.0,0.0,0.0,0.0,0.0,0.0,1.0,1.0,1.0,2.0,2.0,2.0,6.0,8.0,10.0,14.0,19.0,24.0,37.0,42.0,73.0,129.0,166.0,219.0,291.0,337.0,390.0,433.0,563.0,667.0,825.0,915.0,978.0,1077.0,1172.0,1296.0,1461.0,1678.0,1822.0,2032.0,2128.0,2246.0,2350.0,2503.0,2765.0,2952.0,3069.0,3069.0,3341.0,3456.0,3798.0,4227.0,4460.0,4572.0,4744.0,4999.0,5300.0
01097,0.0,0.0,0.0,0.0,0.0,0.0,0.0,0.0,0.0,0.0,0.0,0.0,0.0,0.0,0.0,0.0,0.0,0.0,0.0,0.0,0.0,0.0,0.0,0.0,0.0,0.0,0.0,0.0,0.0,0.0,0.0,0.0,0.0,0.0,0.0,0.0,0.0,0.0,0.0,0.0,0.0,0.0,0.0,0.0,0.0,0.0,0.0,0.0,0.0,0.0,0.0,0.0,0.0,0.0,0.0,0.0,0.0,1.0,3.0,2.0,2.0,2.0,6.0,10.0,18.0,23.0,29.0,40.0,44.0,52.0,56.0,67.0,103.0,114.0,125.0,143.0,201.0,249.0,309.0,358.0,408.0,454.0,468.0,509.0,548.0,577.0,621.0,637.0,661.0,680.0,714.0,756.0,810.0,845.0,845.0,917.0,942.0,994.0,1033.0
25013,0.0,0.0,0.0,0.0,0.0,0.0,0.0,0.0,0.0,0.0,0.0,0.0,0.0,0.0,0.0,0.0,0.0,0.0,0.0,0.0,0.0,0.0,0.0,0.0,0.0,0.0,0.0,0.0,0.0,0.0,0.0,0.0,0.0,0.0,0.0,0.0,0.0,0.0,0.0,0.0,0.0,0.0,0.0,0.0,0.0,0.0,0.0,0.0,0.0,0.0,0.0,0.0,0.0,0.0,1.0,1.0,2.0,3.0,3.0,9.0,12.0,15.0,24.0,45.0,55.0,90.0,183.0,201.0,255.0,354.0,475.0,546.0,661.0,733.0,768.0,889.0,997.0,1081.0,1276.0,1394.0,1545.0,1647.0,1694.0,1798.0,1885.0,1985.0,2134.0,2254.0,2337.0,2337.0,2533.0,2678.0,2836.0,3060.0,3229.0,3295.0,3381.0,3546.0,3698.0
25009,0.0,0.0,0.0,0.0,0.0,0.0,0.0,0.0,0.0,0.0,0.0,0.0,0.0,0.0,0.0,0.0,0.0,0.0,0.0,0.0,0.0,0.0,0.0,0.0,0.0,0.0,0.0,0.0,0.0,0.0,0.0,0.0,0.0,0.0,0.0,0.0,0.0,0.0,0.0,0.0,0.0,0.0,0.0,0.0,0.0,0.0,0.0,0.0,0.0,1.0,2.0,2.0,5.0,5.0,8.0,8.0,14.0,19.0,29.0,41.0,60.0,73.0,118.0,177.0,247.0,350.0,472.0,570.0,653.0,784.0,885.0,1039.0,1238.0,1400.0,1506.0,1653.0,1841.0,2103.0,2336.0,2670.0,2896.0,3170.0,3413.0,3594.0,3894.0,4245.0,4584.0,4914.0,5153.0,5153.0,5521.0,5783.0,6219.0,6841.0,7212.0,7489.0,7708.0,7972.0,8380.0
36119,0.0,0.0,0.0,0.0,0.0,0.0,0.0,0.0,0.0,0.0,0.0,0.0,0.0,0.0,0.0,0.0,0.0,0.0,0.0,0.0,0.0,0.0,0.0,0.0,0.0,0.0,0.0,0.0,0.0,0.0,0.0,0.0,0.0,0.0,0.0,0.0,0.0,0.0,0.0,0.0,0.0,1.0,10.0,18.0,19.0,57.0,83.0,98.0,98.0,121.0,148.0,158.0,172.0,178.0,220.0,380.0,538.0,798.0,1091.0,1387.0,1873.0,2894.0,3891.0,4691.0,5944.0,7187.0,7875.0,8519.0,9326.0,9967.0,10683.0,11567.0,12351.0,13081.0,13723.0,14294.0,14294.0,15887.0,17004.0,18077.0,18729.0,19313.0,19786.0,20191.0,20947.0,21828.0,22476.0,23179.0,23803.0,24306.0,24656.0,25276.0,25959.0,26633.0,27231.0,27664.0,28007.0,28245.0,28626.0
25005,0.0,0.0,0.0,0.0,0.0,0.0,0.0,0.0,0.0,0.0,0.0,0.0,0.0,0.0,0.0,0.0,0.0,0.0,0.0,0.0,0.0,0.0,0.0,0.0,0.0,0.0,0.0,0.0,0.0,0.0,0.0,0.0,0.0,0.0,0.0,0.0,0.0,0.0,0.0,0.0,0.0,0.0,0.0,0.0,0.0,0.0,0.0,0.0,0.0,0.0,0.0,0.0,1.0,1.0,2.0,5.0,5.0,6.0,6.0,14.0,24.0,25.0,31.0,67.0,90.0,129.0,179.0,208.0,263.0,306.0,366.0,424.0,517.0,601.0,659.0,722.0,768.0,835.0,994.0,1086.0,1191.0,1327.0,1394.0,1435.0,1508.0,1605.0,1659.0,1698.0,1731.0,1731.0,1852.0,1908.0,2181.0,2697.0,2829.0,2923.0,3068.0,3270.0,3429.0
25021,0.0,0.0,0.0,0.0,0.0,0.0,0.0,0.0,0.0,0.0,0.0,0.0,0.0,0.0,0.0,0.0,0.0,0.0,0.0,0.0,0.0,0.0,0.0,0.0,0.0,0.0,0.0,0.0,0.0,0.0,0.0,0.0,0.0,0.0,0.0,0.0,0.0,0.0,0.0,0.0,0.0,1.0,1.0,1.0,2.0,2.0,6.0,6.0,10.0,22.0,24.0,24.0,28.0,28.0,36.0,43.0,45.0,52.0,64.0,69.0,75.0,82.0,129.0,222.0,292.0,393.0,490.0,548.0,628.0,738.0,829.0,938.0,1045.0,1199.0,1271.0,1382.0,1592.0,1778.0,2007.0,2216.0,2395.0,2649.0,2838.0,2969.0,3122.0,3342.0,3499.0,3659.0,3789.0,3789.0,4062.0,4212.0,4541.0,4979.0,5172.0,5288.0,5398.0,5567.0,5700.0
04013,0.0,0.0,0.0,0.0,1.0,1.0,1.0,1.0,1.0,1.0,1.0,1.0,1.0,1.0,1.0,1.0,1.0,1.0,1.0,1.0,1.0,1.0,1.0,1.0,1.0,1.0,1.0,1.0,1.0,1.0,1.0,1.0,1.0,1.0,1.0,1.0,1.0,1.0,1.0,1.0,1.0,1.0,1.0,1.0,2.0,2.0,2.0,2.0,2.0,3.0,3.0,3.0,4.0,4.0,8.0,9.0,11.0,22.0,34.0,49.0,81.0,139.0,199.0,251.0,299.0,399.0,454.0,545.0,690.0,788.0,871.0,961.0,1049.0,1171.0,1326.0,1433.0,1495.0,1559.0,1689.0,1741.0,1891.0,1960.0,2020.0,2056.0,2146.0,2264.0,2404.0,2491.0,2589.0,2636.0,2738.0,2846.0,2970.0,3116.0,3234.0,3359.0,3457.0,3578.0,3723.0
18097,0.0,0.0,0.0,0.0,0.0,0.0,0.0,0.0,0.0,0.0,0.0,0.0,0.0,0.0,0.0,0.0,0.0,0.0,0.0,0.0,0.0,0.0,0.0,0.0,0.0,0.0,0.0,0.0,0.0,0.0,0.0,0.0,0.0,0.0,0.0,0.0,0.0,0.0,0.0,0.0,0.0,0.0,0.0,0.0,1.0,1.0,1.0,1.0,1.0,1.0,2.0,2.0,3.0,6.0,7.0,9.0,11.0,19.0,25.0,46.0,82.0,82.0,161.0,226.0,293.0,484.0,584.0,676.0,804.0,964.0,1117.0,1304.0,1429.0,1570.0,1760.0,1956.0,2141.0,2290.0,2415.0,2600.0,2742.0,2887.0,3012.0,3063.0,3204.0,3320.0,3518.0,3624.0,3889.0,4052.0,4176.0,4263.0,4408.0,4537.0,4727.0,4796.0,4926.0,5080.0,5295.0
18057,0.0,0.0,0.0,0.0,0.0,0.0,0.0,0.0,0.0,0.0,0.0,0.0,0.0,0.0,0.0,0.0,0.0,0.0,0.0,0.0,0.0,0.0,0.0,0.0,0.0,0.0,0.0,0.0,0.0,0.0,0.0,0.0,0.0,0.0,0.0,0.0,0.0,0.0,0.0,0.0,0.0,0.0,0.0,0.0,0.0,0.0,0.0,0.0,0.0,0.0,0.0,0.0,0.0,1.0,1.0,1.0,2.0,2.0,5.0,10.0,18.0,18.0,25.0,30.0,40.0,52.0,64.0,83.0,106.0,127.0,179.0,207.0,220.0,265.0,300.0,335.0,363.0,392.0,395.0,431.0,443.0,478.0,490.0,499.0,510.0,520.0,542.0,563.0,583.0,598.0,615.0,624.0,645.0,670.0,699.0,704.0,720.0,729.0,746.0
18089,0.0,0.0,0.0,0.0,0.0,0.0,0.0,0.0,0.0,0.0,0.0,0.0,0.0,0.0,0.0,0.0,0.0,0.0,0.0,0.0,0.0,0.0,0.0,0.0,0.0,0.0,0.0,0.0,0.0,0.0,0.0,0.0,0.0,0.0,0.0,0.0,0.0,0.0,0.0,0.0,0.0,0.0,0.0,0.0,0.0,0.0,0.0,0.0,0.0,0.0,0.0,0.0,0.0,0.0,0.0,2.0,3.0,4.0,6.0,7.0,10.0,10.0,17.0,19.0,31.0,47.0,68.0,85.0,97.0,146.0,180.0,215.0,244.0,313.0,335.0,369.0,418.0,461.0,525.0,576.0,676.0,744.0,796.0,819.0,876.0,978.0,1026.0,1095.0,1105.0,1182.0,1227.0,1292.0,1346.0,1445.0,1515.0,1533.0,1586.0,1715.0,1786.0
17097,0.0,0.0,0.0,0.0,0.0,0.0,0.0,0.0,0.0,0.0,0.0,0.0,0.0,0.0,0.0,0.0,0.0,0.0,0.0,0.0,0.0,0.0,0.0,0.0,0.0,0.0,0.0,0.0,0.0,0.0,0.0,0.0,0.0,0.0,0.0,0.0,0.0,0.0,0.0,0.0,0.0,0.0,0.0,0.0,0.0,0.0,0.0,0.0,0.0,1.0,1.0,2.0,3.0,3.0,4.0,7.0,18.0,37.0,37.0,63.0,69.0,96.0,111.0,139.0,139.0,230.0,241.0,300.0,343.0,389.0,477.0,540.0,608.0,683.0,742.0,815.0,923.0,1041.0,1124.0,1230.0,1331.0,1445.0,1516.0,1621.0,1711.0,1767.0,1914.0,2073.0,2162.0,2216.0,2287.0,2379.0,2540.0,2717.0,2879.0,2990.0,3080.0,3192.0,3382.0
34017,0.0,0.0,0.0,0.0,0.0,0.0,0.0,0.0,0.0,0.0,0.0,0.0,0.0,0.0,0.0,0.0,0.0,0.0,0.0,0.0,0.0,0.0,0.0,0.0,0.0,0.0,0.0,0.0,0.0,0.0,0.0,0.0,0.0,0.0,0.0,0.0,0.0,0.0,0.0,0.0,0.0,0.0,0.0,0.0,0.0,0.0,1.0,1.0,1.0,1.0,1.0,4.0,5.0,5.0,19.0,24.0,34.0,55.0,66.0,97.0,126.0,190.0,234.0,260.0,441.0,594.0,771.0,974.0,1314.0,1606.0,1910.0,2270.0,2835.0,3491.0,3924.0,4395.0,4949.0,5437.0,5879.0,6411.0,6851.0,7469.0,7879.0,8242.0,8511.0,9165.0,9636.0,9956.0,10486.0,11150.0,11221.0,12088.0,12681.0,13011.0,13367.0,13708.0,13925.0,14309.0,14596.0
32031,0.0,0.0,0.0,0.0,0.0,0.0,0.0,0.0,0.0,0.0,0.0,0.0,0.0,0.0,0.0,0.0,0.0,0.0,0.0,0.0,0.0,0.0,0.0,0.0,0.0,0.0,0.0,0.0,0.0,0.0,0.0,0.0,0.0,0.0,0.0,0.0,0.0,0.0,0.0,0.0,0.0,0.0,0.0,0.0,1.0,1.0,2.0,2.0,2.0,2.0,2.0,2.0,4.0,4.0,9.0,12.0,12.0,14.0,14.0,22.0,25.0,25.0,44.0,50.0,57.0,67.0,75.0,107.0,111.0,121.0,143.0,163.0,184.0,245.0,264.0,264.0,309.0,326.0,326.0,363.0,389.0,415.0,461.0,532.0,549.0,549.0,572.0,588.0,637.0,662.0,662.0,710.0,736.0,736.0,791.0,804.0,804.0,834.0,848.0
36001,0.0,0.0,0.0,0.0,0.0,0.0,0.0,0.0,0.0,0.0,0.0,0.0,0.0,0.0,0.0,0.0,0.0,0.0,0.0,0.0,0.0,0.0,0.0,0.0,0.0,0.0,0.0,0.0,0.0,0.0,0.0,0.0,0.0,0.0,0.0,0.0,0.0,0.0,0.0,0.0,0.0,0.0,0.0,0.0,0.0,0.0,0.0,0.0,0.0,0.0,2.0,2.0,7.0,7.0,15.0,25.0,36.0,43.0,70.0,88.0,123.0,127.0,146.0,152.0,171.0,187.0,195.0,205.0,217.0,226.0,240.0,253.0,267.0,293.0,305.0,319.0,333.0,342.0,379.0,426.0,446.0,478.0,499.0,535.0,548.0,581.0,619.0,648.0,682.0,687.0,704.0,737.0,758.0,805.0,899.0,948.0,979.0,1009.0,1067.0
32003,0.0,0.0,0.0,0.0,0.0,0.0,0.0,0.0,0.0,0.0,0.0,0.0,0.0,0.0,0.0,0.0,0.0,0.0,0.0,0.0,0.0,0.0,0.0,0.0,0.0,0.0,0.0,0.0,0.0,0.0,0.0,0.0,0.0,0.0,0.0,0.0,0.0,0.0,0.0,0.0,0.0,0.0,0.0,1.0,1.0,1.0,2.0,2.0,2.0,5.0,8.0,16.0,16.0,16.0,35.0,42.0,42.0,69.0,126.0,126.0,126.0,126.0,212.0,249.0,350.0,443.0,443.0,528.0,753.0,869.0,961.0,1125.0,1279.0,1418.0,1519.0,1608.0,1734.0,1878.0,2009.0,2144.0,2144.0,2324.0,2444.0,2509.0,2559.0,2559.0,2738.0,2882.0,2940.0,2998.0,3099.0,3218.0,3314.0,3443.0,3570.0,3665.0,3717.0,3793.0,3891.0
34031,0.0,0.0,0.0,0.0,0.0,0.0,0.0,0.0,0.0,0.0,0.0,0.0,0.0,0.0,0.0,0.0,0.0,0.0,0.0,0.0,0.0,0.0,0.0,0.0,0.0,0.0,0.0,0.0,0.0,0.0,0.0,0.0,0.0,0.0,0.0,0.0,0.0,0.0,0.0,0.0,0.0,0.0,0.0,0.0,0.0,0.0,0.0,0.0,1.0,1.0,1.0,2.0,2.0,2.0,8.0,10.0,18.0,38.0,49.0,67.0,95.0,141.0,216.0,255.0,399.0,484.0,608.0,831.0,1091.0,1294.0,1494.0,1750.0,2216.0,2856.0,3227.0,3756.0,4104.0,4372.0,4690.0,5017.0,5295.0,5590.0,5950.0,6438.0,6750.0,7317.0,7604.0,7936.0,8288.0,8479.0,8479.0,9392.0,9874.0,10291.0,10738.0,11137.0,11349.0,11755.0,12185.0
34039,0.0,0.0,0.0,0.0,0.0,0.0,0.0,0.0,0.0,0.0,0.0,0.0,0.0,0.0,0.0,0.0,0.0,0.0,0.0,0.0,0.0,0.0,0.0,0.0,0.0,0.0,0.0,0.0,0.0,0.0,0.0,0.0,0.0,0.0,0.0,0.0,0.0,0.0,0.0,0.0,0.0,0.0,0.0,0.0,0.0,0.0,0.0,0.0,1.0,1.0,1.0,1.0,1.0,3.0,8.0,15.0,26.0,29.0,43.0,81.0,124.0,189.0,246.0,262.0,432.0,519.0,742.0,896.0,1213.0,1418.0,1661.0,2010.0,2487.0,2916.0,3216.0,3685.0,4368.0,4831.0,5203.0,5575.0,5865.0,6180.0,6636.0,7265.0,7438.0,7904.0,8429.0,8959.0,9609.0,9972.0,9972.0,10484.0,10935.0,11208.0,11523.0,11853.0,12011.0,12188.0,12380.0
34013,0.0,0.0,0.0,0.0,0.0,0.0,0.0,0.0,0.0,0.0,0.0,0.0,0.0,0.0,0.0,0.0,0.0,0.0,0.0,0.0,0.0,0.0,0.0,0.0,0.0,0.0,0.0,0.0,0.0,0.0,0.0,0.0,0.0,0.0,0.0,0.0,0.0,0.0,0.0,0.0,0.0,0.0,0.0,0.0,0.0,0.0,0.0,0.0,0.0,0.0,1.0,3.0,7.0,7.0,20.0,32.0,45.0,63.0,73.0,107.0,172.0,273.0,342.0,381.0,609.0,826.0,1086.0,1227.0,1564.0,1900.0,2262.0,2617.0,3067.0,3584.0,4082.0,4493.0,5078.0,5598.0,6069.0,6580.0,7007.0,7410.0,7634.0,8212.0,8579.0,9084.0,9672.0,9901.0,10304.0,10729.0,11128.0,11387.0,11811.0,12110.0,12520.0,12863.0,13047.0,13190.0,13445.0
25017,0.0,0.0,0.0,0.0,0.0,0.0,0.0,0.0,0.0,0.0,0.0,0.0,0.0,0.0,0.0,0.0,0.0,0.0,0.0,0.0,0.0,0.0,0.0,0.0,0.0,0.0,0.0,0.0,0.0,0.0,0.0,0.0,0.0,0.0,0.0,0.0,0.0,0.0,0.0,0.0,0.0,0.0,0.0,0.0,1.0,1.0,7.0,7.0,15.0,41.0,49.0,60.0,65.0,65.0,83.0,89.0,100.0,119.0,144.0,177.0,199.0,232.0,304.0,446.0,538.0,685.0,842.0,981.0,1141.0,1340.0,1582.0,1870.0,2202.0,2468.0,2632.0,2950.0,3187.0,3545.0,4045.0,4447.0,4872.0,5660.0,5983.0,6254.0,6681.0,7206.0,7744.0,8297.0,8737.0,8737.0,9621.0,10094.0,10724.0,11681.0,12253.0,12648.0,12953.0,13417.0,13799.0
34021,0.0,0.0,0.0,0.0,0.0,0.0,0.0,0.0,0.0,0.0,0.0,0.0,0.0,0.0,0.0,0.0,0.0,0.0,0.0,0.0,0.0,0.0,0.0,0.0,0.0,0.0,0.0,0.0,0.0,0.0,0.0,0.0,0.0,0.0,0.0,0.0,0.0,0.0,0.0,0.0,0.0,0.0,0.0,0.0,0.0,0.0,0.0,0.0,0.0,0.0,0.0,1.0,1.0,1.0,6.0,9.0,15.0,20.0,22.0,30.0,40.0,50.0,58.0,82.0,111.0,131.0,168.0,202.0,249.0,268.0,333.0,386.0,484.0,586.0,654.0,740.0,837.0,992.0,1161.0,1282.0,1434.0,1567.0,1646.0,1731.0,1856.0,2037.0,2123.0,2215.0,2395.0,2591.0,2591.0,2845.0,2991.0,3086.0,3245.0,3355.0,3433.0,3605.0,3725.0
06001,0.0,0.0,0.0,0.0,0.0,0.0,0.0,0.0,0.0,0.0,0.0,0.0,0.0,0.0,0.0,0.0,0.0,0.0,0.0,0.0,0.0,0.0,0.0,0.0,0.0,0.0,0.0,0.0,0.0,0.0,0.0,0.0,0.0,0.0,0.0,0.0,0.0,0.0,0.0,0.0,0.0,1.0,1.0,1.0,1.0,2.0,2.0,2.0,3.0,5.0,5.0,7.0,11.0,11.0,18.0,27.0,30.0,38.0,48.0,68.0,71.0,118.0,135.0,135.0,178.0,220.0,220.0,270.0,283.0,313.0,313.0,359.0,443.0,443.0,566.0,588.0,634.0,674.0,674.0,766.0,806.0,845.0,888.0,888.0,964.0,1007.0,1063.0,1114.0,1164.0,1193.0,1241.0,1242.0,1352.0,1403.0,1439.0,1470.0,1500.0,1533.0,1568.0
06059,0.0,0.0,0.0,0.0,1.0,1.0,1.0,1.0,1.0,1.0,1.0,1.0,1.0,1.0,1.0,1.0,1.0,1.0,1.0,1.0,1.0,1.0,1.0,1.0,1.0,1.0,1.0,1.0,1.0,1.0,1.0,1.0,1.0,1.0,1.0,1.0,1.0,1.0,1.0,1.0,1.0,1.0,3.0,3.0,3.0,3.0,3.0,4.0,5.0,5.0,6.0,9.0,14.0,14.0,17.0,22.0,29.0,53.0,65.0,78.0,95.0,125.0,152.0,187.0,256.0,321.0,403.0,431.0,464.0,502.0,606.0,656.0,711.0,786.0,834.0,882.0,931.0,1016.0,1079.0,1138.0,1221.0,1277.0,1283.0,1299.0,1376.0,1425.0,1501.0,1556.0,1636.0,1676.0,1691.0,1753.0,1827.0,1845.0,1969.0,2074.0,2126.0,2151.0,2252.0
06013,0.0,0.0,0.0,0.0,0.0,0.0,0.0,0.0,0.0,0.0,0.0,0.0,0.0,0.0,0.0,0.0,0.0,0.0,0.0,0.0,0.0,0.0,0.0,0.0,0.0,0.0,0.0,0.0,0.0,0.0,0.0,0.0,0.0,0.0,0.0,0.0,0.0,0.0,0.0,0.0,0.0,0.0,1.0,1.0,3.0,3.0,9.0,9.0,9.0,10.0,17.0,25.0,29.0,29.0,34.0,39.0,39.0,41.0,46.0,51.0,61.0,71.0,86.0,108.0,131.0,147.0,168.0,168.0,187.0,212.0,249.0,250.0,307.0,307.0,386.0,417.0,442.0,462.0,484.0,511.0,530.0,539.0,552.0,552.0,615.0,631.0,648.0,685.0,693.0,707.0,749.0,763.0,770.0,786.0,805.0,817.0,820.0,842.0,862.0
22071,0.0,0.0,0.0,0.0,0.0,0.0,0.0,0.0,0.0,0.0,0.0,0.0,0.0,0.0,0.0,0.0,0.0,0.0,0.0,0.0,0.0,0.0,0.0,0.0,0.0,0.0,0.0,0.0,0.0,0.0,0.0,0.0,0.0,0.0,0.0,0.0,0.0,0.0,0.0,0.0,0.0,0.0,0.0,0.0,0.0,0.0,0.0,0.0,0.0,5.0,14.0,26.0,53.0,66.0,79.0,136.0,187.0,231.0,326.0,418.0,451.0,567.0,675.0,827.0,997.0,1170.0,1298.0,1350.0,1480.0,1834.0,2270.0,3148.0,3476.0,3966.0,4066.0,4565.0,4942.0,5070.0,5242.0,5416.0,5535.0,5600.0,5651.0,5718.0,5769.0,5847.0,5906.0,5953.0,6000.0,6148.0,6169.0,6209.0,6263.0,6286.0,6297.0,6342.0,6365.0,6380.0,6420.0
21111,0.0,0.0,0.0,0.0,0.0,0.0,0.0,0.0,0.0,0.0,0.0,0.0,0.0,0.0,0.0,0.0,0.0,0.0,0.0,0.0,0.0,0.0,0.0,0.0,0.0,0.0,0.0,0.0,0.0,0.0,0.0,0.0,0.0,0.0,0.0,0.0,0.0,0.0,0.0,0.0,0.0,0.0,0.0,0.0,0.0,0.0,0.0,1.0,1.0,1.0,2.0,2.0,4.0,4.0,6.0,7.0,8.0,8.0,25.0,25.0,25.0,33.0,33.0,35.0,35.0,35.0,103.0,97.0,116.0,206.0,206.0,228.0,228.0,299.0,304.0,304.0,319.0,319.0,380.0,380.0,380.0,495.0,550.0,531.0,573.0,600.0,599.0,689.0,814.0,867.0,925.0,954.0,1008.0,1121.0,1121.0,1120.0,1140.0,1224.0,1281.0
22051,0.0,0.0,0.0,0.0,0.0,0.0,0.0,0.0,0.0,0.0,0.0,0.0,0.0,0.0,0.0,0.0,0.0,0.0,0.0,0.0,0.0,0.0,0.0,0.0,0.0,0.0,0.0,0.0,0.0,0.0,0.0,0.0,0.0,0.0,0.0,0.0,0.0,0.0,0.0,0.0,0.0,0.0,0.0,0.0,0.0,0.0,0.0,0.0,0.0,0.0,2.0,0.0,11.0,12.0,16.0,35.0,40.0,62.0,104.0,166.0,166.0,252.0,293.0,359.0,458.0,548.0,744.0,761.0,838.0,1193.0,1433.0,2178.0,2495.0,3008.0,3088.0,3530.0,3922.0,4092.0,4480.0,4678.0,4877.0,4990.0,5088.0,5188.0,5265.0,5346.0,5476.0,5543.0,5592.0,5761.0,5802.0,5860.0,5929.0,5985.0,6007.0,6059.0,6104.0,6135.0,6173.0
22033,0.0,0.0,0.0,0.0,0.0,0.0,0.0,0.0,0.0,0.0,0.0,0.0,0.0,0.0,0.0,0.0,0.0,0.0,0.0,0.0,0.0,0.0,0.0,0.0,0.0,0.0,0.0,0.0,0.0,0.0,0.0,0.0,0.0,0.0,0.0,0.0,0.0,0.0,0.0,0.0,0.0,0.0,0.0,0.0,0.0,0.0,0.0,0.0,0.0,0.0,0.0,0.0,0.0,0.0,0.0,1.0,2.0,5.0,7.0,18.0,18.0,43.0,58.0,75.0,105.0,124.0,153.0,164.0,188.0,228.0,244.0,325.0,389.0,621.0,656.0,816.0,892.0,935.0,1000.0,1088.0,1158.0,1223.0,1273.0,1295.0,1325.0,1389.0,1424.0,1476.0,1512.0,1534.0,1560.0,1603.0,1636.0,1697.0,1720.0,1739.0,1771.0,1787.0,1830.0
06029,0.0,0.0,0.0,0.0,0.0,0.0,0.0,0.0,0.0,0.0,0.0,0.0,0.0,0.0,0.0,0.0,0.0,0.0,0.0,0.0,0.0,0.0,0.0,0.0,0.0,0.0,0.0,0.0,0.0,0.0,0.0,0.0,0.0,0.0,0.0,0.0,0.0,0.0,0.0,0.0,0.0,0.0,0.0,0.0,0.0,0.0,0.0,0.0,0.0,0.0,0.0,0.0,0.0,0.0,0.0,1.0,1.0,3.0,4.0,5.0,5.0,12.0,13.0,15.0,29.0,33.0,47.0,51.0,60.0,83.0,110.0,142.0,173.0,210.0,230.0,239.0,252.0,271.0,303.0,337.0,371.0,396.0,436.0,462.0,533.0,565.0,578.0,610.0,623.0,643.0,671.0,683.0,699.0,735.0,755.0,809.0,828.0,847.0,866.0
06037,0.0,0.0,0.0,0.0,1.0,1.0,1.0,1.0,1.0,1.0,1.0,1.0,1.0,1.0,1.0,1.0,1.0,1.0,1.0,1.0,1.0,1.0,1.0,1.0,1.0,1.0,1.0,1.0,1.0,1.0,1.0,1.0,1.0,1.0,1.0,1.0,1.0,1.0,1.0,1.0,1.0,1.0,7.0,11.0,13.0,14.0,14.0,14.0,20.0,27.0,32.0,40.0,53.0,53.0,94.0,144.0,190.0,231.0,292.0,292.0,407.0,536.0,662.0,812.0,1229.0,1465.0,1465.0,1829.0,2474.0,3019.0,3518.0,4045.0,4566.0,4605.0,5955.0,6377.0,6936.0,7559.0,7955.0,8443.0,8453.0,8894.0,9433.0,10047.0,10517.0,10854.0,11400.0,12021.0,12341.0,13823.0,15153.0,16447.0,17537.0,18545.0,19133.0,19567.0,20423.0,20996.0,22485.0
06073,0.0,0.0,0.0,0.0,0.0,0.0,0.0,0.0,0.0,0.0,0.0,0.0,0.0,0.0,0.0,0.0,0.0,0.0,0.0,0.0,1.0,1.0,2.0,2.0,2.0,2.0,2.0,2.0,2.0,2.0,2.0,2.0,2.0,2.0,2.0,2.0,2.0,2.0,2.0,2.0,2.0,2.0,2.0,3.0,3.0,3.0,3.0,3.0,3.0,3.0,5.0,8.0,10.0,16.0,55.0,55.0,60.0,80.0,127.0,127.0,155.0,201.0,226.0,238.0,293.0,341.0,413.0,484.0,515.0,603.0,733.0,849.0,966.0,1112.0,1209.0,1326.0,1404.0,1454.0,1530.0,1628.0,1693.0,1761.0,1804.0,1847.0,1930.0,2012.0,2087.0,2158.0,2213.0,2268.0,2325.0,2491.0,2643.0,2826.0,2943.0,2943.0,3043.0,3141.0,3432.0
36061,0.0,0.0,0.0,0.0,0.0,0.0,0.0,0.0,0.0,0.0,0.0,0.0,0.0,0.0,0.0,0.0,0.0,0.0,0.0,0.0,0.0,0.0,0.0,0.0,0.0,0.0,0.0,0.0,0.0,0.0,0.0,0.0,0.0,0.0,0.0,0.0,0.0,0.0,0.0,0.0,1.0,1.0,1.0,4.0,11.0,11.0,12.0,19.0,25.0,55.0,95.0,154.0,269.0,269.0,463.0,814.0,1871.0,3954.0,5151.0,7530.0,9654.0,12305.0,14904.0,17856.0,21873.0,25573.0,29776.0,33768.0,37453.0,43119.0,47439.0,51809.0,57159.0,63306.0,67551.0,72181.0,76876.0,81803.0,87028.0,92384.0,98308.0,103208.0,106763.0,110465.0,118302.0,123146.0,127352.0,131334.0,134267.0,136591.0,139348.0,142227.0,145855.0,150473.0,155113.0,158258.0,160489.0,162338.0,164841.0
06071,0.0,0.0,0.0,0.0,0.0,0.0,0.0,0.0,0.0,0.0,0.0,0.0,0.0,0.0,0.0,0.0,0.0,0.0,0.0,0.0,0.0,0.0,0.0,0.0,0.0,0.0,0.0,0.0,0.0,0.0,0.0,0.0,0.0,0.0,0.0,0.0,0.0,0.0,0.0,0.0,0.0,0.0,0.0,0.0,0.0,0.0,0.0,0.0,0.0,0.0,0.0,0.0,0.0,0.0,1.0,2.0,3.0,5.0,9.0,10.0,17.0,17.0,31.0,38.0,54.0,54.0,76.0,76.0,111.0,125.0,183.0,254.0,304.0,353.0,372.0,373.0,530.0,547.0,641.0,729.0,810.0,810.0,887.0,977.0,977.0,996.0,1032.0,1219.0,1286.0,1406.0,1489.0,1489.0,1608.0,1666.0,1666.0,1732.0,1772.0,1827.0,1928.0
06067,0.0,0.0,0.0,0.0,0.0,0.0,0.0,0.0,0.0,0.0,0.0,0.0,0.0,0.0,0.0,0.0,0.0,0.0,0.0,0.0,0.0,0.0,0.0,0.0,0.0,0.0,0.0,0.0,0.0,0.0,1.0,1.0,1.0,1.0,1.0,1.0,2.0,2.0,2.0,2.0,2.0,2.0,2.0,2.0,2.0,2.0,2.0,2.0,10.0,11.0,17.0,17.0,29.0,29.0,33.0,40.0,40.0,45.0,53.0,53.0,53.0,88.0,88.0,113.0,113.0,164.0,164.0,164.0,224.0,224.0,224.0,314.0,390.0,390.0,442.0,462.0,525.0,580.0,580.0,653.0,653.0,707.0,739.0,816.0,853.0,879.0,896.0,914.0,925.0,940.0,954.0,971.0,987.0,1019.0,1019.0,1037.0,1045.0,1053.0,1068.0
25025,0.0,0.0,0.0,0.0,0.0,0.0,0.0,0.0,0.0,0.0,1.0,1.0,1.0,1.0,1.0,1.0,1.0,1.0,1.0,1.0,1.0,1.0,1.0,1.0,1.0,1.0,1.0,1.0,1.0,1.0,1.0,1.0,1.0,1.0,1.0,1.0,1.0,1.0,1.0,1.0,1.0,1.0,1.0,1.0,3.0,3.0,8.0,8.0,10.0,20.0,22.0,26.0,27.0,27.0,36.0,42.0,51.0,72.0,86.0,108.0,126.0,154.0,234.0,342.0,448.0,631.0,843.0,940.0,1115.0,1373.0,1624.0,1896.0,2183.0,2429.0,2658.0,2929.0,3245.0,3600.0,4041.0,4534.0,4926.0,5359.0,5579.0,5872.0,6279.0,6820.0,7272.0,7696.0,8074.0,8074.0,8669.0,9060.0,9739.0,10724.0,11218.0,11543.0,11883.0,12140.0,12539.0
22017,0.0,0.0,0.0,0.0,0.0,0.0,0.0,0.0,0.0,0.0,0.0,0.0,0.0,0.0,0.0,0.0,0.0,0.0,0.0,0.0,0.0,0.0,0.0,0.0,0.0,0.0,0.0,0.0,0.0,0.0,0.0,0.0,0.0,0.0,0.0,0.0,0.0,0.0,0.0,0.0,0.0,0.0,0.0,0.0,0.0,0.0,0.0,0.0,0.0,0.0,1.0,1.0,1.0,1.0,3.0,4.0,5.0,7.0,12.0,15.0,15.0,34.0,40.0,93.0,115.0,140.0,189.0,219.0,222.0,242.0,298.0,336.0,377.0,598.0,647.0,711.0,756.0,803.0,906.0,950.0,974.0,1018.0,1033.0,1097.0,1118.0,1154.0,1220.0,1244.0,1261.0,1276.0,1310.0,1332.0,1389.0,1407.0,1432.0,1448.0,1470.0,1497.0,1525.0
24510,0.0,0.0,0.0,0.0,0.0,0.0,0.0,0.0,0.0,0.0,0.0,0.0,0.0,0.0,0.0,0.0,0.0,0.0,0.0,0.0,0.0,0.0,0.0,0.0,0.0,0.0,0.0,0.0,0.0,0.0,0.0,0.0,0.0,0.0,0.0,0.0,0.0,0.0,0.0,0.0,0.0,0.0,0.0,0.0,0.0,0.0,0.0,0.0,0.0,0.0,0.0,0.0,0.0,1.0,2.0,2.0,4.0,8.0,11.0,15.0,24.0,31.0,41.0,53.0,72.0,88.0,112.0,129.0,152.0,187.0,221.0,265.0,313.0,343.0,394.0,435.0,459.0,571.0,638.0,689.0,756.0,812.0,873.0,962.0,1060.0,1160.0,1273.0,1378.0,1392.0,1511.0,1542.0,1602.0,1672.0,1728.0,1791.0,1866.0,1933.0,1977.0,2014.0
25023,0.0,0.0,0.0,0.0,0.0,0.0,0.0,0.0,0.0,0.0,0.0,0.0,0.0,0.0,0.0,0.0,0.0,0.0,0.0,0.0,0.0,0.0,0.0,0.0,0.0,0.0,0.0,0.0,0.0,0.0,0.0,0.0,0.0,0.0,0.0,0.0,0.0,0.0,0.0,0.0,0.0,0.0,0.0,0.0,0.0,0.0,0.0,0.0,0.0,0.0,0.0,0.0,0.0,0.0,3.0,5.0,5.0,5.0,11.0,20.0,25.0,32.0,64.0,101.0,138.0,187.0,272.0,325.0,380.0,459.0,561.0,621.0,745.0,898.0,963.0,1067.0,1194.0,1327.0,1507.0,1677.0,1809.0,2024.0,2141.0,2207.0,2308.0,2466.0,2577.0,2688.0,2832.0,2832.0,3043.0,3253.0,3529.0,4160.0,4380.0,4495.0,4607.0,4744.0,4871.0
34007,0.0,0.0,0.0,0.0,0.0,0.0,0.0,0.0,0.0,0.0,0.0,0.0,0.0,0.0,0.0,0.0,0.0,0.0,0.0,0.0,0.0,0.0,0.0,0.0,0.0,0.0,0.0,0.0,0.0,0.0,0.0,0.0,0.0,0.0,0.0,0.0,0.0,0.0,0.0,0.0,0.0,0.0,0.0,0.0,0.0,0.0,0.0,0.0,1.0,1.0,1.0,1.0,2.0,2.0,3.0,3.0,8.0,13.0,11.0,15.0,22.0,33.0,51.0,61.0,73.0,95.0,123.0,163.0,200.0,228.0,289.0,343.0,406.0,481.0,556.0,645.0,736.0,838.0,990.0,1072.0,1180.0,1270.0,1401.0,1477.0,1587.0,1734.0,1807.0,1918.0,2131.0,2255.0,2379.0,2528.0,2683.0,2750.0,2870.0,2983.0,3124.0,3285.0,3385.0
06065,0.0,0.0,0.0,0.0,0.0,0.0,0.0,0.0,0.0,0.0,0.0,0.0,0.0,0.0,0.0,0.0,0.0,0.0,0.0,0.0,0.0,0.0,0.0,0.0,0.0,0.0,0.0,0.0,0.0,0.0,0.0,0.0,0.0,0.0,0.0,0.0,0.0,0.0,0.0,0.0,0.0,0.0,0.0,0.0,0.0,0.0,1.0,1.0,4.0,6.0,8.0,8.0,14.0,14.0,15.0,15.0,16.0,22.0,28.0,28.0,29.0,46.0,57.0,68.0,105.0,149.0,183.0,195.0,291.0,371.0,371.0,493.0,493.0,638.0,799.0,946.0,1016.0,1179.0,1280.0,1350.0,1431.0,1619.0,1619.0,1961.0,1961.0,2105.0,2457.0,2457.0,2638.0,2847.0,2847.0,2960.0,3218.0,3315.0,3315.0,3563.0,3643.0,3735.0,3942.0
26049,0.0,0.0,0.0,0.0,0.0,0.0,0.0,0.0,0.0,0.0,0.0,0.0,0.0,0.0,0.0,0.0,0.0,0.0,0.0,0.0,0.0,0.0,0.0,0.0,0.0,0.0,0.0,0.0,0.0,0.0,0.0,0.0,0.0,0.0,0.0,0.0,0.0,0.0,0.0,0.0,0.0,0.0,0.0,0.0,0.0,0.0,0.0,0.0,0.0,0.0,0.0,0.0,0.0,0.0,0.0,0.0,0.0,0.0,4.0,7.0,14.0,23.0,34.0,46.0,63.0,91.0,110.0,127.0,150.0,185.0,249.0,349.0,422.0,464.0,504.0,568.0,638.0,713.0,755.0,828.0,919.0,955.0,988.0,1030.0,1084.0,1147.0,1197.0,1228.0,1240.0,1256.0,1298.0,1362.0,1387.0,1434.0,1452.0,1467.0,1483.0,1533.0,1564.0
26125,0.0,0.0,0.0,0.0,0.0,0.0,0.0,0.0,0.0,0.0,0.0,0.0,0.0,0.0,0.0,0.0,0.0,0.0,0.0,0.0,0.0,0.0,0.0,0.0,0.0,0.0,0.0,0.0,0.0,0.0,0.0,0.0,0.0,0.0,0.0,0.0,0.0,0.0,0.0,0.0,0.0,0.0,0.0,0.0,0.0,0.0,0.0,0.0,0.0,1.0,1.0,3.0,6.0,9.0,14.0,16.0,59.0,105.0,184.0,230.0,277.0,329.0,428.0,543.0,668.0,824.0,1018.0,1170.0,1365.0,1591.0,1910.0,2183.0,2540.0,2785.0,3035.0,3380.0,3736.0,4007.0,4247.0,4511.0,4802.0,4915.0,5073.0,5364.0,5576.0,5778.0,5901.0,6021.0,6109.0,6178.0,6306.0,6463.0,6634.0,6804.0,6881.0,6928.0,6913.0,7012.0,7159.0
27053,0.0,0.0,0.0,0.0,0.0,0.0,0.0,0.0,0.0,0.0,0.0,0.0,0.0,0.0,0.0,0.0,0.0,0.0,0.0,0.0,0.0,0.0,0.0,0.0,0.0,0.0,0.0,0.0,0.0,0.0,0.0,0.0,0.0,0.0,0.0,0.0,0.0,0.0,0.0,0.0,0.0,0.0,0.0,0.0,0.0,0.0,0.0,0.0,0.0,0.0,1.0,1.0,6.0,6.0,22.0,24.0,28.0,32.0,45.0,52.0,57.0,89.0,103.0,111.0,128.0,141.0,152.0,171.0,190.0,204.0,218.0,235.0,242.0,252.0,267.0,280.0,310.0,344.0,375.0,415.0,464.0,557.0,557.0,558.0,651.0,651.0,806.0,875.0,924.0,975.0,1013.0,1073.0,1132.0,1200.0,1287.0,1332.0,1416.0,1524.0,1633.0
26099,0.0,0.0,0.0,0.0,0.0,0.0,0.0,0.0,0.0,0.0,0.0,0.0,0.0,0.0,0.0,0.0,0.0,0.0,0.0,0.0,0.0,0.0,0.0,0.0,0.0,0.0,0.0,0.0,0.0,0.0,0.0,0.0,0.0,0.0,0.0,0.0,0.0,0.0,0.0,0.0,0.0,0.0,0.0,0.0,0.0,0.0,0.0,0.0,0.0,0.0,0.0,0.0,1.0,2.0,6.0,8.0,10.0,55.0,86.0,101.0,140.0,175.0,225.0,281.0,347.0,404.0,534.0,620.0,728.0,853.0,1088.0,1332.0,1560.0,1838.0,2003.0,2159.0,2414.0,2626.0,2783.0,2973.0,3164.0,3254.0,3418.0,3620.0,3792.0,3992.0,4145.0,4251.0,4360.0,4425.0,4544.0,4628.0,4862.0,5022.0,5139.0,5203.0,5245.0,5339.0,5430.0
29510,0.0,0.0,0.0,0.0,0.0,0.0,0.0,0.0,0.0,0.0,0.0,0.0,0.0,0.0,0.0,0.0,0.0,0.0,0.0,0.0,0.0,0.0,0.0,0.0,0.0,0.0,0.0,0.0,0.0,0.0,0.0,0.0,0.0,0.0,0.0,0.0,0.0,0.0,0.0,0.0,0.0,0.0,0.0,0.0,0.0,0.0,0.0,0.0,0.0,0.0,0.0,0.0,0.0,0.0,0.0,1.0,2.0,2.0,5.0,7.0,10.0,15.0,23.0,44.0,69.0,72.0,95.0,102.0,102.0,150.0,195.0,239.0,239.0,297.0,328.0,358.0,440.0,476.0,514.0,565.0,594.0,645.0,698.0,706.0,723.0,743.0,766.0,808.0,831.0,859.0,882.0,908.0,966.0,1000.0,1019.0,1037.0,1067.0,1104.0,1126.0
06085,0.0,0.0,0.0,0.0,0.0,0.0,0.0,0.0,0.0,1.0,1.0,1.0,2.0,2.0,2.0,2.0,2.0,2.0,2.0,2.0,2.0,2.0,2.0,2.0,2.0,2.0,2.0,2.0,2.0,2.0,2.0,2.0,2.0,2.0,2.0,2.0,2.0,2.0,3.0,3.0,9.0,11.0,11.0,20.0,20.0,32.0,38.0,38.0,43.0,48.0,52.0,79.0,95.0,91.0,138.0,155.0,175.0,189.0,196.0,263.0,263.0,302.0,375.0,459.0,542.0,574.0,591.0,646.0,848.0,890.0,956.0,1019.0,1019.0,1148.0,1207.0,1207.0,1285.0,1380.0,1380.0,1442.0,1484.0,1566.0,1666.0,1666.0,1793.0,1833.0,1870.0,1870.0,1870.0,1922.0,1922.0,1962.0,1987.0,2018.0,2040.0,2084.0,2105.0,2122.0,2134.0
06081,0.0,0.0,0.0,0.0,0.0,0.0,0.0,0.0,0.0,0.0,0.0,0.0,0.0,0.0,0.0,0.0,0.0,0.0,0.0,0.0,0.0,0.0,0.0,0.0,0.0,0.0,0.0,0.0,0.0,0.0,0.0,0.0,0.0,0.0,0.0,0.0,0.0,0.0,0.0,0.0,1.0,2.0,2.0,2.0,2.0,2.0,2.0,2.0,8.0,15.0,20.0,20.0,32.0,32.0,41.0,64.0,80.0,89.0,100.0,110.0,117.0,142.0,161.0,165.0,195.0,239.0,274.0,277.0,309.0,309.0,388.0,453.0,486.0,538.0,555.0,579.0,589.0,617.0,633.0,638.0,652.0,652.0,701.0,721.0,747.0,767.0,797.0,838.0,838.0,920.0,935.0,958.0,966.0,989.0,1019.0,1019.0,1080.0,1099.0,1136.0
42003,0.0,0.0,0.0,0.0,0.0,0.0,0.0,0.0,0.0,0.0,0.0,0.0,0.0,0.0,0.0,0.0,0.0,0.0,0.0,0.0,0.0,0.0,0.0,0.0,0.0,0.0,0.0,0.0,0.0,0.0,0.0,0.0,0.0,0.0,0.0,0.0,0.0,0.0,0.0,0.0,0.0,0.0,0.0,0.0,0.0,0.0,0.0,0.0,0.0,0.0,0.0,0.0,2.0,2.0,6.0,10.0,13.0,18.0,28.0,31.0,40.0,48.0,58.0,88.0,133.0,158.0,219.0,265.0,290.0,325.0,356.0,419.0,476.0,552.0,605.0,642.0,689.0,720.0,759.0,788.0,836.0,857.0,876.0,893.0,904.0,925.0,947.0,1009.0,1035.0,1042.0,1059.0,1088.0,1149.0,1177.0,1198.0,1211.0,1224.0,1235.0,1273.0
42101,0.0,0.0,0.0,0.0,0.0,0.0,0.0,0.0,0.0,0.0,0.0,0.0,0.0,0.0,0.0,0.0,0.0,0.0,0.0,0.0,0.0,0.0,0.0,0.0,0.0,0.0,0.0,0.0,0.0,0.0,0.0,0.0,0.0,0.0,0.0,0.0,0.0,0.0,0.0,0.0,0.0,0.0,0.0,0.0,0.0,0.0,0.0,0.0,1.0,1.0,1.0,3.0,4.0,4.0,10.0,19.0,34.0,44.0,67.0,85.0,96.0,175.0,252.0,342.0,475.0,637.0,803.0,890.0,1072.0,1315.0,1675.0,2100.0,2430.0,3008.0,3189.0,3728.0,4272.0,4777.0,5029.0,5521.0,6022.0,6386.0,6813.0,7130.0,7441.0,8045.0,8563.0,9014.0,9214.0,9553.0,10028.0,10028.0,11226.0,11877.0,11877.0,12566.0,12868.0,13445.0,13803.0
42095,0.0,0.0,0.0,0.0,0.0,0.0,0.0,0.0,0.0,0.0,0.0,0.0,0.0,0.0,0.0,0.0,0.0,0.0,0.0,0.0,0.0,0.0,0.0,0.0,0.0,0.0,0.0,0.0,0.0,0.0,0.0,0.0,0.0,0.0,0.0,0.0,0.0,0.0,0.0,0.0,0.0,0.0,0.0,0.0,0.0,0.0,0.0,0.0,0.0,0.0,1.0,1.0,1.0,1.0,1.0,1.0,1.0,5.0,10.0,17.0,21.0,23.0,33.0,44.0,56.0,79.0,94.0,126.0,184.0,245.0,312.0,378.0,466.0,588.0,636.0,716.0,774.0,857.0,949.0,994.0,1039.0,1082.0,1130.0,1176.0,1251.0,1296.0,1335.0,1396.0,1441.0,1469.0,1544.0,1591.0,1656.0,1716.0,1780.0,1813.0,1834.0,1970.0,2008.0
39049,0.0,0.0,0.0,0.0,0.0,0.0,0.0,0.0,0.0,0.0,0.0,0.0,0.0,0.0,0.0,0.0,0.0,0.0,0.0,0.0,0.0,0.0,0.0,0.0,0.0,0.0,0.0,0.0,0.0,0.0,0.0,0.0,0.0,0.0,0.0,0.0,0.0,0.0,0.0,0.0,0.0,0.0,0.0,0.0,0.0,0.0,0.0,0.0,0.0,0.0,0.0,0.0,1.0,3.0,3.0,4.0,7.0,10.0,14.0,21.0,34.0,44.0,75.0,88.0,109.0,152.0,222.0,247.0,281.0,325.0,391.0,441.0,503.0,557.0,597.0,644.0,703.0,761.0,802.0,850.0,894.0,943.0,1012.0,1053.0,1102.0,1212.0,1320.0,1403.0,1513.0,1510.0,1557.0,1598.0,1673.0,1768.0,1839.0,1942.0,2005.0,2090.0,2216.0
39095,0.0,0.0,0.0,0.0,0.0,0.0,0.0,0.0,0.0,0.0,0.0,0.0,0.0,0.0,0.0,0.0,0.0,0.0,0.0,0.0,0.0,0.0,0.0,0.0,0.0,0.0,0.0,0.0,0.0,0.0,0.0,0.0,0.0,0.0,0.0,0.0,0.0,0.0,0.0,0.0,0.0,0.0,0.0,0.0,0.0,0.0,0.0,0.0,0.0,0.0,0.0,0.0,0.0,1.0,1.0,1.0,1.0,1.0,2.0,4.0,7.0,10.0,13.0,23.0,35.0,48.0,67.0,94.0,114.0,133.0,171.0,206.0,233.0,272.0,302.0,321.0,347.0,371.0,403.0,443.0,490.0,503.0,514.0,540.0,596.0,644.0,682.0,724.0,789.0,823.0,853.0,878.0,936.0,985.0,1033.0,1104.0,1130.0,1166.0,1208.0
08059,0.0,0.0,0.0,0.0,0.0,0.0,0.0,0.0,0.0,0.0,0.0,0.0,0.0,0.0,0.0,0.0,0.0,0.0,0.0,0.0,0.0,0.0,0.0,0.0,0.0,0.0,0.0,0.0,0.0,0.0,0.0,0.0,0.0,0.0,0.0,0.0,0.0,0.0,0.0,0.0,0.0,0.0,0.0,0.0,0.0,0.0,0.0,0.0,0.0,3.0,4.0,7.0,9.0,9.0,12.0,13.0,25.0,25.0,37.0,43.0,51.0,55.0,55.0,93.0,131.0,131.0,158.0,213.0,213.0,304.0,304.0,356.0,385.0,440.0,519.0,540.0,579.0,610.0,610.0,660.0,683.0,763.0,787.0,809.0,809.0,837.0,860.0,888.0,957.0,957.0,1011.0,1064.0,1075.0,1157.0,1236.0,1265.0,1276.0,1298.0,1314.0
08005,0.0,0.0,0.0,0.0,0.0,0.0,0.0,0.0,0.0,0.0,0.0,0.0,0.0,0.0,0.0,0.0,0.0,0.0,0.0,0.0,0.0,0.0,0.0,0.0,0.0,0.0,0.0,0.0,0.0,0.0,0.0,0.0,0.0,0.0,0.0,0.0,0.0,0.0,0.0,0.0,0.0,0.0,0.0,0.0,0.0,0.0,0.0,0.0,2.0,3.0,3.0,7.0,10.0,10.0,15.0,15.0,22.0,22.0,29.0,40.0,45.0,58.0,58.0,69.0,119.0,119.0,155.0,241.0,241.0,333.0,333.0,381.0,441.0,500.0,608.0,652.0,718.0,764.0,764.0,877.0,931.0,1083.0,1142.0,1183.0,1183.0,1243.0,1342.0,1419.0,1536.0,1536.0,1649.0,1717.0,1824.0,2030.0,2083.0,2160.0,2252.0,2312.0,2389.0
08031,0.0,0.0,0.0,0.0,0.0,0.0,0.0,0.0,0.0,0.0,0.0,0.0,0.0,0.0,0.0,0.0,0.0,0.0,0.0,0.0,0.0,0.0,0.0,0.0,0.0,0.0,0.0,0.0,0.0,0.0,0.0,0.0,0.0,0.0,0.0,0.0,0.0,0.0,0.0,0.0,0.0,0.0,0.0,0.0,2.0,2.0,2.0,2.0,3.0,6.0,10.0,15.0,21.0,21.0,25.0,38.0,43.0,43.0,67.0,97.0,125.0,148.0,148.0,214.0,262.0,262.0,312.0,408.0,408.0,539.0,539.0,586.0,643.0,716.0,825.0,847.0,884.0,927.0,927.0,1031.0,1113.0,1247.0,1346.0,1402.0,1402.0,1468.0,1549.0,1636.0,1784.0,1784.0,2004.0,2071.0,2172.0,2385.0,2487.0,2583.0,2682.0,2791.0,2890.0
08123,0.0,0.0,0.0,0.0,0.0,0.0,0.0,0.0,0.0,0.0,0.0,0.0,0.0,0.0,0.0,0.0,0.0,0.0,0.0,0.0,0.0,0.0,0.0,0.0,0.0,0.0,0.0,0.0,0.0,0.0,0.0,0.0,0.0,0.0,0.0,0.0,0.0,0.0,0.0,0.0,0.0,0.0,0.0,0.0,0.0,0.0,0.0,0.0,0.0,0.0,0.0,2.0,3.0,3.0,5.0,6.0,9.0,9.0,15.0,21.0,37.0,50.0,50.0,87.0,107.0,107.0,129.0,180.0,180.0,255.0,255.0,293.0,329.0,379.0,470.0,504.0,537.0,573.0,573.0,614.0,649.0,738.0,808.0,858.0,858.0,928.0,960.0,986.0,1063.0,1063.0,1180.0,1237.0,1263.0,1353.0,1430.0,1469.0,1544.0,1618.0,1704.0
37119,0.0,0.0,0.0,0.0,0.0,0.0,0.0,0.0,0.0,0.0,0.0,0.0,0.0,0.0,0.0,0.0,0.0,0.0,0.0,0.0,0.0,0.0,0.0,0.0,0.0,0.0,0.0,0.0,0.0,0.0,0.0,0.0,0.0,0.0,0.0,0.0,0.0,0.0,0.0,0.0,0.0,0.0,0.0,0.0,0.0,0.0,0.0,0.0,0.0,0.0,2.0,1.0,2.0,4.0,7.0,11.0,14.0,30.0,43.0,77.0,77.0,97.0,142.0,170.0,204.0,259.0,299.0,336.0,382.0,420.0,444.0,533.0,601.0,650.0,664.0,741.0,810.0,848.0,861.0,906.0,935.0,954.0,970.0,993.0,1015.0,1098.0,1136.0,1153.0,1183.0,1231.0,1255.0,1331.0,1377.0,1407.0,1450.0,1482.0,1492.0,1519.0,1567.0
36067,0.0,0.0,0.0,0.0,0.0,0.0,0.0,0.0,0.0,0.0,0.0,0.0,0.0,0.0,0.0,0.0,0.0,0.0,0.0,0.0,0.0,0.0,0.0,0.0,0.0,0.0,0.0,0.0,0.0,0.0,0.0,0.0,0.0,0.0,0.0,0.0,0.0,0.0,0.0,0.0,0.0,0.0,0.0,0.0,0.0,0.0,0.0,0.0,0.0,0.0,0.0,0.0,0.0,0.0,1.0,2.0,6.0,7.0,13.0,34.0,45.0,53.0,60.0,81.0,111.0,123.0,146.0,194.0,228.0,249.0,277.0,301.0,322.0,349.0,364.0,377.0,397.0,422.0,422.0,456.0,456.0,494.0,520.0,537.0,563.0,579.0,598.0,598.0,637.0,646.0,646.0,667.0,600.0,639.0,664.0,692.0,726.0,742.0,782.0
37183,0.0,0.0,0.0,0.0,0.0,0.0,0.0,0.0,0.0,0.0,0.0,0.0,0.0,0.0,0.0,0.0,0.0,0.0,0.0,0.0,0.0,0.0,0.0,0.0,0.0,0.0,0.0,0.0,0.0,0.0,0.0,0.0,0.0,0.0,0.0,0.0,0.0,0.0,0.0,0.0,0.0,1.0,1.0,1.0,1.0,1.0,1.0,1.0,6.0,6.0,7.0,8.0,11.0,14.0,15.0,15.0,22.0,25.0,32.0,32.0,52.0,52.0,66.0,73.0,100.0,123.0,123.0,146.0,166.0,193.0,213.0,251.0,275.0,283.0,304.0,314.0,351.0,365.0,385.0,391.0,424.0,470.0,476.0,501.0,537.0,556.0,574.0,579.0,592.0,605.0,613.0,613.0,633.0,640.0,651.0,663.0,752.0,782.0,814.0
42077,0.0,0.0,0.0,0.0,0.0,0.0,0.0,0.0,0.0,0.0,0.0,0.0,0.0,0.0,0.0,0.0,0.0,0.0,0.0,0.0,0.0,0.0,0.0,0.0,0.0,0.0,0.0,0.0,0.0,0.0,0.0,0.0,0.0,0.0,0.0,0.0,0.0,0.0,0.0,0.0,0.0,0.0,0.0,0.0,0.0,0.0,0.0,0.0,0.0,0.0,0.0,0.0,0.0,0.0,1.0,1.0,1.0,1.0,2.0,13.0,19.0,25.0,27.0,38.0,63.0,93.0,109.0,151.0,231.0,272.0,374.0,479.0,584.0,804.0,877.0,1006.0,1146.0,1319.0,1466.0,1562.0,1620.0,1684.0,1747.0,1803.0,1922.0,1999.0,2092.0,2141.0,2203.0,2245.0,2295.0,2374.0,2418.0,2478.0,2551.0,2601.0,2636.0,2685.0,2719.0
09001,0.0,0.0,0.0,0.0,0.0,0.0,0.0,0.0,0.0,0.0,0.0,0.0,0.0,0.0,0.0,0.0,0.0,0.0,0.0,0.0,0.0,0.0,0.0,0.0,0.0,0.0,0.0,0.0,0.0,0.0,0.0,0.0,0.0,0.0,0.0,0.0,0.0,0.0,0.0,0.0,0.0,0.0,0.0,0.0,0.0,0.0,0.0,0.0,1.0,2.0,4.0,8.0,15.0,15.0,29.0,48.0,69.0,102.0,122.0,122.0,208.0,270.0,384.0,546.0,607.0,752.0,908.0,1245.0,1445.0,1870.0,1986.0,2132.0,2716.0,2824.0,3050.0,3719.0,4136.0,4136.0,4882.0,5180.0,5407.0,5534.0,6004.0,6213.0,6480.0,6816.0,7146.0,7363.0,7434.0,8320.0,8472.0,9883.0,10008.0,10227.0,10373.0,10529.0,10763.0,10874.0,10985.0
09003,0.0,0.0,0.0,0.0,0.0,0.0,0.0,0.0,0.0,0.0,0.0,0.0,0.0,0.0,0.0,0.0,0.0,0.0,0.0,0.0,0.0,0.0,0.0,0.0,0.0,0.0,0.0,0.0,0.0,0.0,0.0,0.0,0.0,0.0,0.0,0.0,0.0,0.0,0.0,0.0,0.0,0.0,0.0,0.0,0.0,0.0,0.0,0.0,0.0,0.0,0.0,0.0,1.0,2.0,4.0,7.0,11.0,18.0,29.0,29.0,54.0,61.0,88.0,116.0,138.0,189.0,228.0,276.0,330.0,393.0,469.0,539.0,679.0,726.0,751.0,882.0,1045.0,1045.0,1471.0,1615.0,1832.0,1914.0,2243.0,2370.0,2570.0,2859.0,3015.0,3196.0,3351.0,3823.0,3951.0,4128.0,4303.0,4570.0,4761.0,4989.0,5157.0,5224.0,5388.0
10003,0.0,0.0,0.0,0.0,0.0,0.0,0.0,0.0,0.0,0.0,0.0,0.0,0.0,0.0,0.0,0.0,0.0,0.0,0.0,0.0,0.0,0.0,0.0,0.0,0.0,0.0,0.0,0.0,0.0,0.0,0.0,0.0,0.0,0.0,0.0,0.0,0.0,0.0,0.0,0.0,0.0,0.0,0.0,0.0,0.0,0.0,0.0,0.0,0.0,1.0,1.0,4.0,6.0,6.0,8.0,15.0,17.0,23.0,27.0,32.0,39.0,44.0,71.0,79.0,86.0,105.0,130.0,141.0,156.0,197.0,226.0,245.0,279.0,400.0,436.0,496.0,571.0,636.0,701.0,751.0,807.0,880.0,919.0,947.0,974.0,1003.0,1100.0,1205.0,1205.0,1229.0,1303.0,1352.0,1389.0,1486.0,1504.0,1599.0,1629.0,1701.0,1717.0
11001,0.0,0.0,0.0,0.0,0.0,0.0,0.0,0.0,0.0,0.0,0.0,0.0,0.0,0.0,0.0,0.0,0.0,0.0,0.0,0.0,0.0,0.0,0.0,0.0,0.0,0.0,0.0,0.0,0.0,0.0,0.0,0.0,0.0,0.0,0.0,0.0,0.0,0.0,0.0,0.0,0.0,0.0,0.0,0.0,0.0,0.0,0.0,0.0,0.0,0.0,0.0,0.0,0.0,0.0,22.0,22.0,31.0,40.0,71.0,98.0,102.0,120.0,141.0,187.0,231.0,271.0,304.0,342.0,401.0,495.0,586.0,653.0,757.0,902.0,1002.0,1097.0,1211.0,1440.0,1523.0,1660.0,1778.0,1875.0,1955.0,2058.0,2197.0,2350.0,2476.0,2666.0,2793.0,2927.0,3098.0,3206.0,3361.0,3528.0,3699.0,3841.0,3892.0,3994.0,4106.0
12099,0.0,0.0,0.0,0.0,0.0,0.0,0.0,0.0,0.0,0.0,0.0,0.0,0.0,0.0,0.0,0.0,0.0,0.0,0.0,0.0,0.0,0.0,0.0,0.0,0.0,0.0,0.0,0.0,0.0,0.0,0.0,0.0,0.0,0.0,0.0,0.0,0.0,0.0,0.0,0.0,0.0,0.0,0.0,0.0,0.0,0.0,0.0,0.0,0.0,0.0,0.0,2.0,5.0,5.0,5.0,13.0,19.0,29.0,42.0,56.0,72.0,89.0,101.0,118.0,169.0,194.0,292.0,333.0,423.0,551.0,567.0,737.0,858.0,954.0,1000.0,1069.0,1136.0,1206.0,1260.0,1388.0,1441.0,1646.0,1704.0,1740.0,1814.0,1867.0,2088.0,2138.0,2170.0,2260.0,2320.0,2403.0,2554.0,2600.0,2614.0,2697.0,2763.0,2877.0,2911.0
12103,0.0,0.0,0.0,0.0,0.0,0.0,0.0,0.0,0.0,0.0,0.0,0.0,0.0,0.0,0.0,0.0,0.0,0.0,0.0,0.0,0.0,0.0,0.0,0.0,0.0,0.0,0.0,0.0,0.0,0.0,0.0,0.0,0.0,0.0,0.0,0.0,0.0,0.0,0.0,0.0,0.0,0.0,0.0,0.0,0.0,0.0,0.0,0.0,0.0,2.0,2.0,2.0,2.0,2.0,2.0,4.0,10.0,16.0,22.0,29.0,38.0,41.0,45.0,50.0,64.0,77.0,94.0,113.0,126.0,167.0,170.0,273.0,318.0,342.0,359.0,362.0,380.0,394.0,413.0,428.0,444.0,455.0,479.0,494.0,513.0,530.0,565.0,587.0,592.0,607.0,632.0,638.0,656.0,673.0,677.0,687.0,698.0,709.0,718.0
12011,0.0,0.0,0.0,0.0,0.0,0.0,0.0,0.0,0.0,0.0,0.0,0.0,0.0,0.0,0.0,0.0,0.0,0.0,0.0,0.0,0.0,0.0,0.0,0.0,0.0,0.0,0.0,0.0,0.0,0.0,0.0,0.0,0.0,0.0,0.0,0.0,0.0,0.0,0.0,0.0,0.0,0.0,0.0,0.0,0.0,2.0,2.0,3.0,4.0,4.0,7.0,11.0,20.0,36.0,36.0,48.0,72.0,96.0,128.0,164.0,217.0,263.0,311.0,355.0,504.0,614.0,814.0,838.0,1152.0,1219.0,1232.0,1481.0,1598.0,1765.0,1886.0,2067.0,2230.0,2358.0,2454.0,2645.0,2806.0,2945.0,3177.0,3261.0,3363.0,3466.0,3688.0,3838.0,3971.0,4078.0,4168.0,4228.0,4431.0,4591.0,4659.0,4729.0,4794.0,4847.0,4898.0
12086,0.0,0.0,0.0,0.0,0.0,0.0,0.0,0.0,0.0,0.0,0.0,0.0,0.0,0.0,0.0,0.0,0.0,0.0,0.0,0.0,0.0,0.0,0.0,0.0,0.0,0.0,0.0,0.0,0.0,0.0,0.0,0.0,0.0,0.0,0.0,0.0,0.0,0.0,0.0,0.0,0.0,0.0,0.0,0.0,0.0,0.0,0.0,0.0,0.0,0.0,1.0,2.0,8.0,13.0,13.0,40.0,76.0,101.0,124.0,169.0,227.0,278.0,338.0,400.0,616.0,763.0,1003.0,1192.0,1632.0,2123.0,2202.0,2886.0,3364.0,3890.0,4146.0,4481.0,4997.0,5354.0,5745.0,6119.0,6487.0,7058.0,7459.0,7712.0,8066.0,8326.0,8824.0,9045.0,9354.0,9657.0,10056.0,10153.0,10588.0,10926.0,11005.0,11351.0,11570.0,11831.0,11927.0
12031,0.0,0.0,0.0,0.0,0.0,0.0,0.0,0.0,0.0,0.0,0.0,0.0,0.0,0.0,0.0,0.0,0.0,0.0,0.0,0.0,0.0,0.0,0.0,0.0,0.0,0.0,0.0,0.0,0.0,0.0,0.0,0.0,0.0,0.0,0.0,0.0,0.0,0.0,0.0,0.0,0.0,0.0,0.0,0.0,0.0,0.0,0.0,0.0,0.0,0.0,0.0,1.0,1.0,4.0,4.0,10.0,13.0,15.0,17.0,25.0,39.0,50.0,50.0,56.0,74.0,90.0,115.0,125.0,158.0,207.0,218.0,286.0,323.0,387.0,413.0,475.0,521.0,549.0,589.0,609.0,635.0,668.0,691.0,718.0,745.0,776.0,817.0,835.0,854.0,896.0,909.0,925.0,956.0,955.0,965.0,984.0,990.0,1001.0,1007.0
39035,0.0,0.0,0.0,0.0,0.0,0.0,0.0,0.0,0.0,0.0,0.0,0.0,0.0,0.0,0.0,0.0,0.0,0.0,0.0,0.0,0.0,0.0,0.0,0.0,0.0,0.0,0.0,0.0,0.0,0.0,0.0,0.0,0.0,0.0,0.0,0.0,0.0,0.0,0.0,0.0,0.0,0.0,0.0,0.0,0.0,0.0,0.0,0.0,3.0,3.0,3.0,6.0,11.0,11.0,24.0,31.0,38.0,53.0,69.0,92.0,125.0,149.0,167.0,206.0,259.0,330.0,370.0,440.0,493.0,527.0,589.0,663.0,780.0,781.0,826.0,871.0,911.0,960.0,1014.0,1052.0,1113.0,1152.0,1197.0,1239.0,1281.0,1331.0,1383.0,1453.0,1466.0,1577.0,1653.0,1713.0,1768.0,1817.0,1867.0,1902.0,1938.0,1984.0,2030.0
39061,0.0,0.0,0.0,0.0,0.0,0.0,0.0,0.0,0.0,0.0,0.0,0.0,0.0,0.0,0.0,0.0,0.0,0.0,0.0,0.0,0.0,0.0,0.0,0.0,0.0,0.0,0.0,0.0,0.0,0.0,0.0,0.0,0.0,0.0,0.0,0.0,0.0,0.0,0.0,0.0,0.0,0.0,0.0,0.0,0.0,0.0,0.0,0.0,0.0,0.0,0.0,0.0,0.0,0.0,0.0,0.0,0.0,1.0,7.0,8.0,19.0,26.0,38.0,48.0,53.0,63.0,71.0,85.0,101.0,124.0,154.0,178.0,203.0,288.0,319.0,394.0,411.0,437.0,473.0,504.0,529.0,535.0,558.0,576.0,594.0,615.0,658.0,701.0,718.0,735.0,768.0,785.0,868.0,932.0,975.0,1005.0,1048.0,1091.0,1150.0
12095,0.0,0.0,0.0,0.0,0.0,0.0,0.0,0.0,0.0,0.0,0.0,0.0,0.0,0.0,0.0,0.0,0.0,0.0,0.0,0.0,0.0,0.0,0.0,0.0,0.0,0.0,0.0,0.0,0.0,0.0,0.0,0.0,0.0,0.0,0.0,0.0,0.0,0.0,0.0,0.0,0.0,0.0,0.0,0.0,0.0,0.0,0.0,0.0,0.0,0.0,0.0,0.0,1.0,2.0,2.0,6.0,9.0,19.0,23.0,29.0,33.0,48.0,50.0,77.0,110.0,156.0,206.0,246.0,293.0,373.0,392.0,541.0,602.0,657.0,713.0,744.0,763.0,803.0,857.0,895.0,914.0,949.0,1024.0,1038.0,1073.0,1114.0,1158.0,1180.0,1198.0,1216.0,1235.0,1251.0,1274.0,1290.0,1304.0,1322.0,1339.0,1363.0,1371.0
48029,0.0,0.0,0.0,0.0,0.0,0.0,0.0,0.0,0.0,0.0,0.0,0.0,0.0,0.0,0.0,0.0,0.0,0.0,0.0,0.0,0.0,0.0,0.0,0.0,0.0,0.0,0.0,0.0,0.0,0.0,0.0,0.0,0.0,0.0,0.0,0.0,0.0,0.0,0.0,0.0,0.0,0.0,0.0,0.0,0.0,0.0,0.0,0.0,0.0,0.0,0.0,1.0,2.0,2.0,3.0,4.0,11.0,29.0,29.0,39.0,46.0,57.0,69.0,69.0,84.0,113.0,125.0,140.0,157.0,168.0,207.0,229.0,254.0,342.0,384.0,410.0,456.0,503.0,554.0,615.0,665.0,723.0,772.0,794.0,815.0,890.0,918.0,959.0,992.0,1015.0,1029.0,1080.0,1167.0,1334.0,1334.0,1334.0,1334.0,1275.0,1307.0
13121,0.0,0.0,0.0,0.0,0.0,0.0,0.0,0.0,0.0,0.0,0.0,0.0,0.0,0.0,0.0,0.0,0.0,0.0,0.0,0.0,0.0,0.0,0.0,0.0,0.0,0.0,0.0,0.0,0.0,0.0,0.0,0.0,0.0,0.0,0.0,0.0,0.0,0.0,0.0,0.0,0.0,2.0,2.0,2.0,2.0,3.0,3.0,5.0,5.0,7.0,6.0,8.0,13.0,20.0,27.0,33.0,49.0,66.0,88.0,99.0,111.0,145.0,184.0,198.0,211.0,307.0,373.0,407.0,463.0,570.0,624.0,712.0,882.0,941.0,962.0,1027.0,1124.0,1240.0,1276.0,1364.0,1422.0,1467.0,1598.0,1812.0,1844.0,1929.0,2025.0,2054.0,2110.0,2198.0,2208.0,2255.0,2436.0,2500.0,2543.0,2545.0,2680.0,2727.0,2770.0
16001,0.0,0.0,0.0,0.0,0.0,0.0,0.0,0.0,0.0,0.0,0.0,0.0,0.0,0.0,0.0,0.0,0.0,0.0,0.0,0.0,0.0,0.0,0.0,0.0,0.0,0.0,0.0,0.0,0.0,0.0,0.0,0.0,0.0,0.0,0.0,0.0,0.0,0.0,0.0,0.0,0.0,0.0,0.0,0.0,0.0,0.0,0.0,0.0,0.0,0.0,0.0,0.0,1.0,2.0,2.0,3.0,3.0,3.0,8.0,11.0,11.0,13.0,19.0,24.0,39.0,54.0,76.0,92.0,113.0,195.0,195.0,312.0,307.0,360.0,385.0,402.0,419.0,438.0,447.0,495.0,513.0,517.0,517.0,538.0,538.0,567.0,576.0,593.0,598.0,598.0,616.0,622.0,635.0,642.0,650.0,650.0,650.0,662.0,662.0
47037,0.0,0.0,0.0,0.0,0.0,0.0,0.0,0.0,0.0,0.0,0.0,0.0,0.0,0.0,0.0,0.0,0.0,0.0,0.0,0.0,0.0,0.0,0.0,0.0,0.0,0.0,0.0,0.0,0.0,0.0,0.0,0.0,0.0,0.0,0.0,0.0,0.0,0.0,0.0,0.0,0.0,0.0,0.0,0.0,0.0,0.0,1.0,1.0,1.0,2.0,6.0,10.0,14.0,14.0,25.0,42.0,58.0,75.0,101.0,140.0,167.0,164.0,253.0,257.0,293.0,312.0,376.0,394.0,443.0,541.0,673.0,785.0,685.0,741.0,801.0,819.0,888.0,946.0,1004.0,1048.0,1111.0,1349.0,1207.0,1237.0,1237.0,1283.0,1307.0,1465.0,1638.0,1675.0,1719.0,1719.0,1934.0,2011.0,2136.0,2236.0,2338.0,2383.0,2454.0
48113,0.0,0.0,0.0,0.0,0.0,0.0,0.0,0.0,0.0,0.0,0.0,0.0,0.0,0.0,0.0,0.0,0.0,0.0,0.0,0.0,0.0,0.0,0.0,0.0,0.0,0.0,0.0,0.0,0.0,0.0,0.0,0.0,0.0,0.0,0.0,0.0,0.0,0.0,0.0,0.0,0.0,0.0,0.0,0.0,0.0,0.0,0.0,0.0,0.0,2.0,3.0,8.0,9.0,11.0,19.0,28.0,39.0,59.0,74.0,95.0,131.0,155.0,169.0,247.0,303.0,367.0,439.0,488.0,549.0,631.0,731.0,831.0,921.0,1105.0,1112.0,1155.0,1261.0,1324.0,1432.0,1537.0,1644.0,1723.0,1788.0,1877.0,1986.0,2066.0,2190.0,2324.0,2428.0,2512.0,2512.0,2683.0,2763.0,2834.0,2909.0,3014.0,3014.0,3240.0,3240.0
48439,0.0,0.0,0.0,0.0,0.0,0.0,0.0,0.0,0.0,0.0,0.0,0.0,0.0,0.0,0.0,0.0,0.0,0.0,0.0,0.0,0.0,0.0,0.0,0.0,0.0,0.0,0.0,0.0,0.0,0.0,0.0,0.0,0.0,0.0,0.0,0.0,0.0,0.0,0.0,0.0,0.0,0.0,0.0,0.0,0.0,0.0,0.0,0.0,0.0,1.0,1.0,3.0,3.0,4.0,5.0,6.0,8.0,19.0,29.0,42.0,47.0,57.0,71.0,90.0,100.0,114.0,128.0,139.0,238.0,273.0,288.0,325.0,383.0,404.0,418.0,452.0,517.0,588.0,637.0,705.0,705.0,787.0,876.0,929.0,990.0,1093.0,1175.0,1229.0,1229.0,1242.0,1333.0,1333.0,1559.0,1706.0,1836.0,1947.0,1947.0,2019.0,2088.0
48121,0.0,0.0,0.0,0.0,0.0,0.0,0.0,0.0,0.0,0.0,0.0,0.0,0.0,0.0,0.0,0.0,0.0,0.0,0.0,0.0,0.0,0.0,0.0,0.0,0.0,0.0,0.0,0.0,0.0,0.0,0.0,0.0,0.0,0.0,0.0,0.0,0.0,0.0,0.0,0.0,0.0,0.0,0.0,0.0,0.0,0.0,0.0,0.0,0.0,0.0,0.0,0.0,0.0,0.0,1.0,1.0,5.0,9.0,15.0,24.0,30.0,30.0,38.0,51.0,83.0,137.0,148.0,165.0,165.0,206.0,206.0,254.0,273.0,273.0,304.0,337.0,366.0,366.0,426.0,426.0,454.0,474.0,507.0,507.0,521.0,547.0,564.0,585.0,592.0,593.0,598.0,619.0,661.0,680.0,680.0,702.0,713.0,725.0,738.0
48157,0.0,0.0,0.0,0.0,0.0,0.0,0.0,0.0,0.0,0.0,0.0,0.0,0.0,0.0,0.0,0.0,0.0,0.0,0.0,0.0,0.0,0.0,0.0,0.0,0.0,0.0,0.0,0.0,0.0,0.0,0.0,0.0,0.0,0.0,0.0,0.0,0.0,0.0,0.0,0.0,0.0,0.0,0.0,1.0,1.0,3.0,6.0,6.0,6.0,6.0,6.0,9.0,9.0,9.0,9.0,9.0,12.0,19.0,24.0,29.0,29.0,29.0,46.0,46.0,86.0,101.0,101.0,119.0,119.0,163.0,163.0,194.0,221.0,255.0,268.0,318.0,318.0,417.0,437.0,485.0,518.0,536.0,543.0,543.0,627.0,627.0,656.0,755.0,755.0,783.0,808.0,808.0,889.0,889.0,905.0,919.0,952.0,957.0,973.0
55079,0.0,0.0,0.0,0.0,0.0,0.0,0.0,0.0,0.0,0.0,0.0,0.0,0.0,0.0,0.0,0.0,0.0,0.0,0.0,0.0,0.0,0.0,0.0,0.0,0.0,0.0,0.0,0.0,0.0,0.0,0.0,0.0,0.0,0.0,0.0,0.0,0.0,0.0,0.0,0.0,0.0,0.0,0.0,0.0,0.0,0.0,0.0,0.0,0.0,0.0,0.0,2.0,6.0,6.0,13.0,24.0,47.0,62.0,95.0,126.0,182.0,204.0,243.0,325.0,347.0,411.0,541.0,606.0,617.0,710.0,780.0,869.0,1023.0,1023.0,1190.0,1256.0,1323.0,1416.0,1484.0,1575.0,1653.0,1710.0,1743.0,1795.0,1870.0,1947.0,2013.0,2065.0,2150.0,2191.0,2234.0,2304.0,2382.0,2431.0,2525.0,2629.0,2674.0,2722.0,2815.0
53053,0.0,0.0,0.0,0.0,0.0,0.0,0.0,0.0,0.0,0.0,0.0,0.0,0.0,0.0,0.0,0.0,0.0,0.0,0.0,0.0,0.0,0.0,0.0,0.0,0.0,0.0,0.0,0.0,0.0,0.0,0.0,0.0,0.0,0.0,0.0,0.0,0.0,0.0,0.0,0.0,0.0,0.0,0.0,0.0,0.0,1.0,4.0,4.0,4.0,14.0,17.0,19.0,26.0,26.0,38.0,45.0,56.0,75.0,83.0,95.0,107.0,126.0,138.0,155.0,186.0,231.0,231.0,317.0,317.0,377.0,377.0,498.0,571.0,620.0,688.0,717.0,760.0,795.0,838.0,875.0,922.0,931.0,969.0,969.0,1000.0,1022.0,1086.0,1086.0,1143.0,1188.0,1219.0,1236.0,1192.0,1212.0,1235.0,1244.0,1263.0,1293.0,1306.0
48201,0.0,0.0,0.0,0.0,0.0,0.0,0.0,0.0,0.0,0.0,0.0,0.0,0.0,0.0,0.0,0.0,0.0,0.0,0.0,0.0,0.0,0.0,0.0,0.0,0.0,0.0,0.0,0.0,0.0,0.0,0.0,0.0,0.0,0.0,0.0,0.0,0.0,0.0,0.0,0.0,0.0,0.0,0.0,2.0,3.0,5.0,5.0,6.0,6.0,7.0,9.0,9.0,11.0,11.0,13.0,16.0,23.0,30.0,55.0,68.0,74.0,78.0,134.0,185.0,203.0,229.0,445.0,526.0,563.0,680.0,847.0,955.0,1106.0,1284.0,1395.0,1809.0,2146.0,2341.0,3047.0,3261.0,3561.0,3629.0,3744.0,3907.0,4097.0,4306.0,4460.0,4653.0,4823.0,4977.0,5143.0,5211.0,5330.0,5482.0,5482.0,5628.0,5628.0,5827.0,6161.0
53077,0.0,0.0,0.0,0.0,0.0,0.0,0.0,0.0,0.0,0.0,0.0,0.0,0.0,0.0,0.0,0.0,0.0,0.0,0.0,0.0,0.0,0.0,0.0,0.0,0.0,0.0,0.0,0.0,0.0,0.0,0.0,0.0,0.0,0.0,0.0,0.0,0.0,0.0,0.0,0.0,0.0,0.0,0.0,0.0,0.0,0.0,0.0,0.0,0.0,0.0,0.0,2.0,4.0,4.0,4.0,5.0,7.0,7.0,10.0,13.0,16.0,16.0,25.0,47.0,61.0,66.0,82.0,140.0,147.0,161.0,161.0,224.0,240.0,289.0,326.0,363.0,380.0,400.0,433.0,447.0,511.0,535.0,538.0,614.0,635.0,674.0,707.0,759.0,804.0,835.0,868.0,886.0,879.0,923.0,976.0,1015.0,1034.0,1046.0,1082.0
48453,0.0,0.0,0.0,0.0,0.0,0.0,0.0,0.0,0.0,0.0,0.0,0.0,0.0,0.0,0.0,0.0,0.0,0.0,0.0,0.0,0.0,0.0,0.0,0.0,0.0,0.0,0.0,0.0,0.0,0.0,0.0,0.0,0.0,0.0,0.0,0.0,0.0,0.0,0.0,0.0,0.0,0.0,0.0,0.0,0.0,0.0,0.0,0.0,0.0,0.0,0.0,2.0,3.0,3.0,6.0,10.0,23.0,41.0,58.0,62.0,62.0,79.0,86.0,98.0,119.0,160.0,179.0,200.0,206.0,244.0,244.0,351.0,351.0,430.0,484.0,502.0,502.0,554.0,597.0,642.0,690.0,744.0,774.0,856.0,900.0,977.0,1074.0,1074.0,1092.0,1108.0,1174.0,1233.0,1312.0,1379.0,1379.0,1396.0,1412.0,1464.0,1539.0
49035,0.0,0.0,0.0,0.0,0.0,0.0,0.0,0.0,0.0,0.0,0.0,0.0,0.0,0.0,0.0,0.0,0.0,0.0,0.0,0.0,0.0,0.0,0.0,0.0,0.0,0.0,0.0,0.0,0.0,0.0,0.0,0.0,0.0,0.0,0.0,0.0,0.0,0.0,0.0,0.0,0.0,0.0,0.0,0.0,0.0,0.0,0.0,0.0,0.0,0.0,0.0,1.0,1.0,14.0,16.0,20.0,22.0,29.0,44.0,57.0,80.0,109.0,124.0,151.0,178.0,218.0,276.0,321.0,360.0,396.0,396.0,476.0,541.0,650.0,741.0,777.0,807.0,858.0,858.0,1011.0,1071.0,1126.0,1157.0,1187.0,1285.0,1377.0,1456.0,1547.0,1615.0,1671.0,1714.0,1795.0,1889.0,1975.0,2051.0,2144.0,2190.0,2256.0,2348.0
53033,1.0,1.0,1.0,1.0,1.0,1.0,1.0,1.0,1.0,1.0,1.0,1.0,1.0,1.0,1.0,1.0,1.0,1.0,1.0,1.0,1.0,1.0,1.0,1.0,1.0,1.0,1.0,1.0,1.0,1.0,1.0,1.0,1.0,1.0,1.0,1.0,1.0,1.0,6.0,9.0,14.0,21.0,31.0,51.0,58.0,71.0,83.0,83.0,116.0,190.0,270.0,328.0,387.0,387.0,488.0,569.0,562.0,693.0,793.0,934.0,1040.0,1170.0,1170.0,1359.0,1577.0,1577.0,2077.0,2159.0,2161.0,2330.0,2330.0,2656.0,2787.0,2898.0,3167.0,3331.0,3486.0,3688.0,3886.0,4117.0,4262.0,4426.0,4426.0,4549.0,4620.0,4697.0,4902.0,4902.0,5174.0,5174.0,5293.0,5379.0,5532.0,5637.0,5739.0,5863.0,5945.0,6001.0,6103.0
53061,0.0,0.0,0.0,0.0,0.0,0.0,0.0,0.0,0.0,0.0,0.0,0.0,0.0,0.0,0.0,0.0,0.0,0.0,0.0,0.0,0.0,0.0,0.0,0.0,0.0,0.0,0.0,0.0,0.0,0.0,0.0,0.0,0.0,0.0,0.0,0.0,0.0,0.0,1.0,2.0,4.0,6.0,8.0,18.0,19.0,27.0,31.0,31.0,37.0,68.0,108.0,133.0,154.0,154.0,200.0,266.0,310.0,348.0,385.0,447.0,480.0,519.0,614.0,634.0,778.0,912.0,913.0,912.0,1068.0,1229.0,1304.0,1376.0,1376.0,1503.0,1559.0,1603.0,1659.0,1695.0,1745.0,1802.0,1835.0,1867.0,1907.0,1950.0,1988.0,2032.0,2056.0,2093.0,2143.0,2163.0,2189.0,2209.0,2216.0,2243.0,2297.0,2311.0,2332.0,2365.0,2389.0
42069,0.0,0.0,0.0,0.0,0.0,0.0,0.0,0.0,0.0,0.0,0.0,0.0,0.0,0.0,0.0,0.0,0.0,0.0,0.0,0.0,0.0,0.0,0.0,0.0,0.0,0.0,0.0,0.0,0.0,0.0,0.0,0.0,0.0,0.0,0.0,0.0,0.0,0.0,0.0,0.0,0.0,0.0,0.0,0.0,0.0,0.0,0.0,0.0,0.0,0.0,0.0,0.0,0.0,0.0,0.0,0.0,1.0,2.0,4.0,5.0,6.0,7.0,15.0,18.0,28.0,35.0,51.0,56.0,62.0,78.0,85.0,108.0,119.0,146.0,172.0,190.0,235.0,266.0,312.0,346.0,392.0,427.0,459.0,501.0,527.0,559.0,592.0,620.0,636.0,646.0,666.0,682.0,707.0,735.0,772.0,793.0,833.0,854.0,873.0
45079,0.0,0.0,0.0,0.0,0.0,0.0,0.0,0.0,0.0,0.0,0.0,0.0,0.0,0.0,0.0,0.0,0.0,0.0,0.0,0.0,0.0,0.0,0.0,0.0,0.0,0.0,0.0,0.0,0.0,0.0,0.0,0.0,0.0,0.0,0.0,0.0,0.0,0.0,0.0,0.0,0.0,0.0,0.0,0.0,0.0,0.0,0.0,0.0,0.0,0.0,0.0,0.0,0.0,0.0,0.0,1.0,4.0,8.0,22.0,27.0,29.0,43.0,45.0,59.0,59.0,65.0,81.0,95.0,135.0,148.0,176.0,200.0,224.0,242.0,298.0,311.0,340.0,340.0,417.0,452.0,479.0,494.0,494.0,535.0,548.0,579.0,612.0,626.0,652.0,657.0,657.0,725.0,736.0,766.0,787.0,837.0,840.0,864.0,884.0
04019,0.0,0.0,0.0,0.0,0.0,0.0,0.0,0.0,0.0,0.0,0.0,0.0,0.0,0.0,0.0,0.0,0.0,0.0,0.0,0.0,0.0,0.0,0.0,0.0,0.0,0.0,0.0,0.0,0.0,0.0,0.0,0.0,0.0,0.0,0.0,0.0,0.0,0.0,0.0,0.0,0.0,0.0,0.0,0.0,0.0,0.0,0.0,0.0,1.0,1.0,1.0,1.0,2.0,2.0,4.0,4.0,5.0,7.0,8.0,12.0,17.0,24.0,42.0,49.0,75.0,102.0,120.0,153.0,187.0,202.0,217.0,237.0,280.0,326.0,372.0,415.0,415.0,464.0,512.0,543.0,591.0,622.0,668.0,685.0,700.0,760.0,819.0,856.0,913.0,941.0,963.0,973.0,1026.0,1060.0,1090.0,1136.0,1164.0,1188.0,1215.0
06075,0.0,0.0,0.0,0.0,0.0,0.0,0.0,0.0,0.0,0.0,0.0,0.0,0.0,0.0,0.0,0.0,0.0,0.0,0.0,0.0,0.0,0.0,0.0,0.0,0.0,0.0,0.0,0.0,0.0,0.0,0.0,0.0,0.0,0.0,0.0,0.0,0.0,0.0,0.0,0.0,0.0,0.0,0.0,2.0,2.0,9.0,9.0,9.0,14.0,14.0,18.0,23.0,28.0,28.0,40.0,43.0,51.0,70.0,76.0,84.0,108.0,131.0,152.0,178.0,223.0,279.0,308.0,340.0,374.0,397.0,434.0,450.0,497.0,529.0,568.0,583.0,622.0,676.0,724.0,797.0,857.0,872.0,957.0,987.0,1013.0,1019.0,1058.0,1137.0,1157.0,1216.0,1231.0,1233.0,1302.0,1340.0,1354.0,1408.0,1424.0,1468.0,1490.0
08041,0.0,0.0,0.0,0.0,0.0,0.0,0.0,0.0,0.0,0.0,0.0,0.0,0.0,0.0,0.0,0.0,0.0,0.0,0.0,0.0,0.0,0.0,0.0,0.0,0.0,0.0,0.0,0.0,0.0,0.0,0.0,0.0,0.0,0.0,0.0,0.0,0.0,0.0,0.0,0.0,0.0,0.0,0.0,0.0,0.0,1.0,1.0,1.0,1.0,1.0,1.0,2.0,3.0,3.0,4.0,4.0,8.0,8.0,27.0,37.0,51.0,69.0,69.0,122.0,137.0,137.0,160.0,214.0,214.0,286.0,286.0,314.0,340.0,374.0,435.0,441.0,457.0,472.0,472.0,534.0,550.0,613.0,641.0,652.0,652.0,668.0,689.0,708.0,731.0,731.0,744.0,774.0,798.0,853.0,862.0,867.0,879.0,884.0,907.0
08001,0.0,0.0,0.0,0.0,0.0,0.0,0.0,0.0,0.0,0.0,0.0,0.0,0.0,0.0,0.0,0.0,0.0,0.0,0.0,0.0,0.0,0.0,0.0,0.0,0.0,0.0,0.0,0.0,0.0,0.0,0.0,0.0,0.0,0.0,0.0,0.0,0.0,0.0,0.0,0.0,0.0,0.0,0.0,0.0,0.0,0.0,0.0,0.0,0.0,0.0,2.0,3.0,6.0,6.0,6.0,6.0,10.0,10.0,12.0,14.0,18.0,18.0,25.0,27.0,50.0,50.0,71.0,110.0,110.0,181.0,181.0,212.0,260.0,294.0,354.0,367.0,388.0,417.0,417.0,475.0,543.0,647.0,693.0,726.0,726.0,758.0,805.0,860.0,915.0,915.0,996.0,1033.0,1082.0,1252.0,1302.0,1348.0,1391.0,1430.0,1490.0
12071,0.0,0.0,0.0,0.0,0.0,0.0,0.0,0.0,0.0,0.0,0.0,0.0,0.0,0.0,0.0,0.0,0.0,0.0,0.0,0.0,0.0,0.0,0.0,0.0,0.0,0.0,0.0,0.0,0.0,0.0,0.0,0.0,0.0,0.0,0.0,0.0,0.0,0.0,0.0,0.0,0.0,0.0,0.0,0.0,0.0,2.0,2.0,2.0,2.0,2.0,3.0,4.0,4.0,5.0,5.0,5.0,10.0,11.0,14.0,17.0,26.0,30.0,32.0,42.0,56.0,76.0,101.0,124.0,164.0,206.0,212.0,275.0,304.0,348.0,379.0,397.0,434.0,462.0,496.0,547.0,584.0,617.0,642.0,657.0,677.0,687.0,721.0,739.0,769.0,785.0,795.0,794.0,887.0,940.0,944.0,961.0,971.0,990.0,1003.0
09009,0.0,0.0,0.0,0.0,0.0,0.0,0.0,0.0,0.0,0.0,0.0,0.0,0.0,0.0,0.0,0.0,0.0,0.0,0.0,0.0,0.0,0.0,0.0,0.0,0.0,0.0,0.0,0.0,0.0,0.0,0.0,0.0,0.0,0.0,0.0,0.0,0.0,0.0,0.0,0.0,0.0,0.0,0.0,0.0,0.0,0.0,0.0,0.0,0.0,0.0,0.0,0.0,4.0,4.0,4.0,8.0,10.0,23.0,23.0,23.0,29.0,41.0,89.0,127.0,156.0,222.0,236.0,280.0,373.0,517.0,611.0,647.0,891.0,1024.0,1162.0,1468.0,1664.0,1664.0,2183.0,2383.0,2715.0,2946.0,3358.0,3543.0,3758.0,4163.0,4520.0,4743.0,4871.0,5272.0,5493.0,5811.0,6064.0,6286.0,6509.0,6715.0,6993.0,7089.0,7205.0
12057,0.0,0.0,0.0,0.0,0.0,0.0,0.0,0.0,0.0,0.0,0.0,0.0,0.0,0.0,0.0,0.0,0.0,0.0,0.0,0.0,0.0,0.0,0.0,0.0,0.0,0.0,0.0,0.0,0.0,0.0,0.0,0.0,0.0,0.0,0.0,0.0,0.0,0.0,0.0,0.0,1.0,2.0,2.0,2.0,2.0,2.0,2.0,2.0,2.0,3.0,2.0,3.0,2.0,4.0,4.0,7.0,14.0,20.0,32.0,47.0,58.0,75.0,91.0,106.0,142.0,167.0,195.0,218.0,253.0,305.0,309.0,404.0,463.0,497.0,536.0,571.0,608.0,626.0,644.0,671.0,690.0,759.0,813.0,819.0,869.0,878.0,924.0,943.0,960.0,973.0,979.0,982.0,1008.0,1022.0,1041.0,1048.0,1062.0,1080.0,1105.0
13089,0.0,0.0,0.0,0.0,0.0,0.0,0.0,0.0,0.0,0.0,0.0,0.0,0.0,0.0,0.0,0.0,0.0,0.0,0.0,0.0,0.0,0.0,0.0,0.0,0.0,0.0,0.0,0.0,0.0,0.0,0.0,0.0,0.0,0.0,0.0,0.0,0.0,0.0,0.0,0.0,0.0,0.0,0.0,0.0,0.0,0.0,0.0,0.0,2.0,2.0,4.0,5.0,8.0,10.0,10.0,15.0,18.0,22.0,36.0,41.0,53.0,75.0,94.0,116.0,129.0,181.0,240.0,272.0,281.0,335.0,365.0,396.0,448.0,500.0,543.0,579.0,645.0,706.0,742.0,795.0,835.0,869.0,980.0,1144.0,1191.0,1247.0,1349.0,1396.0,1452.0,1521.0,1534.0,1609.0,1689.0,1721.0,1788.0,1800.0,1855.0,1887.0,1970.0
13095,0.0,0.0,0.0,0.0,0.0,0.0,0.0,0.0,0.0,0.0,0.0,0.0,0.0,0.0,0.0,0.0,0.0,0.0,0.0,0.0,0.0,0.0,0.0,0.0,0.0,0.0,0.0,0.0,0.0,0.0,0.0,0.0,0.0,0.0,0.0,0.0,0.0,0.0,0.0,0.0,0.0,0.0,0.0,0.0,0.0,0.0,0.0,0.0,0.0,0.0,0.0,0.0,7.0,6.0,6.0,6.0,7.0,20.0,44.0,47.0,52.0,64.0,90.0,109.0,156.0,193.0,205.0,239.0,267.0,462.0,480.0,507.0,560.0,636.0,686.0,716.0,939.0,986.0,1020.0,1062.0,1076.0,1154.0,1217.0,1297.0,1308.0,1338.0,1381.0,1406.0,1422.0,1436.0,1446.0,1479.0,1478.0,1465.0,1470.0,1470.0,1480.0,1491.0,1499.0
47157,0.0,0.0,0.0,0.0,0.0,0.0,0.0,0.0,0.0,0.0,0.0,0.0,0.0,0.0,0.0,0.0,0.0,0.0,0.0,0.0,0.0,0.0,0.0,0.0,0.0,0.0,0.0,0.0,0.0,0.0,0.0,0.0,0.0,0.0,0.0,0.0,0.0,0.0,0.0,0.0,0.0,0.0,0.0,0.0,0.0,0.0,1.0,1.0,1.0,1.0,2.0,2.0,2.0,2.0,2.0,3.0,4.0,10.0,4.0,42.0,66.0,93.0,135.0,170.0,198.0,223.0,275.0,362.0,396.0,428.0,496.0,638.0,640.0,689.0,736.0,766.0,835.0,912.0,1006.0,1083.0,1147.0,1215.0,1331.0,1359.0,1359.0,1508.0,1492.0,1682.0,1778.0,1839.0,1873.0,1873.0,1953.0,2001.0,2086.0,2296.0,2327.0,2376.0,2432.0
44007,0.0,0.0,0.0,0.0,0.0,0.0,0.0,0.0,0.0,0.0,0.0,0.0,0.0,0.0,0.0,0.0,0.0,0.0,0.0,0.0,0.0,0.0,0.0,0.0,0.0,0.0,0.0,0.0,0.0,0.0,0.0,0.0,0.0,0.0,0.0,0.0,0.0,0.0,0.0,1.0,2.0,2.0,2.0,2.0,2.0,3.0,3.0,3.0,3.0,5.0,3.0,3.0,20.0,20.0,21.0,23.0,33.0,44.0,44.0,30.0,37.0,52.0,52.0,52.0,91.0,91.0,91.0,156.0,156.0,208.0,301.0,418.0,418.0,418.0,491.0,538.0,622.0,832.0,832.0,955.0,1278.0,1278.0,1278.0,1278.0,1957.0,2072.0,2703.0,2703.0,3014.0,3491.0,3727.0,4064.0,4350.0,4603.0,4916.0,5266.0,5427.0,5520.0,5967.0
42011,0.0,0.0,0.0,0.0,0.0,0.0,0.0,0.0,0.0,0.0,0.0,0.0,0.0,0.0,0.0,0.0,0.0,0.0,0.0,0.0,0.0,0.0,0.0,0.0,0.0,0.0,0.0,0.0,0.0,0.0,0.0,0.0,0.0,0.0,0.0,0.0,0.0,0.0,0.0,0.0,0.0,0.0,0.0,0.0,0.0,0.0,0.0,0.0,0.0,0.0,0.0,0.0,0.0,0.0,0.0,0.0,1.0,1.0,5.0,7.0,13.0,14.0,16.0,20.0,36.0,65.0,65.0,68.0,82.0,110.0,151.0,168.0,201.0,235.0,276.0,326.0,369.0,416.0,616.0,720.0,930.0,1035.0,1150.0,1247.0,1335.0,1419.0,1537.0,1748.0,1898.0,1945.0,1988.0,2069.0,2212.0,2339.0,2406.0,2491.0,2526.0,2605.0,2637.0
46099,0.0,0.0,0.0,0.0,0.0,0.0,0.0,0.0,0.0,0.0,0.0,0.0,0.0,0.0,0.0,0.0,0.0,0.0,0.0,0.0,0.0,0.0,0.0,0.0,0.0,0.0,0.0,0.0,0.0,0.0,0.0,0.0,0.0,0.0,0.0,0.0,0.0,0.0,0.0,0.0,0.0,0.0,0.0,0.0,0.0,0.0,0.0,0.0,0.0,3.0,3.0,3.0,3.0,3.0,4.0,5.0,5.0,5.0,5.0,5.0,5.0,5.0,5.0,13.0,16.0,18.0,21.0,25.0,28.0,31.0,40.0,54.0,68.0,81.0,104.0,140.0,165.0,228.0,274.0,352.0,438.0,527.0,654.0,768.0,934.0,1065.0,1157.0,1276.0,1362.0,1405.0,1469.0,1555.0,1636.0,1707.0,1796.0,1854.0,1880.0,1939.0,1984.0
